clip,label,source,frames,zero_person_frames,person_count_mean,person_count_median,person_count_max,ndist_mean,ndist_median,ndist_min,diag_mean,diag_median,diag_max,stationary_frames_mean,stationary_frames_max,speed_mean,speed_max,accel_mean,accel_max,fire_stationary,fire_restricted,fire_crowding,fire_proximity,temporal_max
train/Train_Fight/1tU4kxa51vw_1.avi,Fight,1tU4kxa51vw,150,0,8.026666666666667,8.0,13.0,0.290910697423699,0.2668018599599644,0.006990428236165769,292.4776480733144,274.6179177755297,373.63852252763394,8.168801808590807,62.0,3.354254537978081,39.168333704837956,2.102961530896872,38.37137804217825,0.9733333333333334,0.0,0.006666666666666667,0.32,0.987565
train/Train_Fight/3CQi0ZCCHvc_0.avi,Fight,3CQi0ZCCHvc,150,5,2.4266666666666667,2.0,5.0,0.283952456566401,0.2721415544022502,0.042375840660198116,227.07026354242046,238.17166208203747,285.70032937223414,3.6886363636363635,30.0,7.695902034189088,91.37844046765878,5.302491575931035,68.01726313637359,0.3933333333333333,0.05333333333333334,0.05333333333333334,0.03333333333333333,0.991781
train/Train_Fight/3CQi0ZCCHvc_1.avi,Fight,3CQi0ZCCHvc,150,29,1.3333333333333333,1.0,3.0,0.2712940321299667,0.28569062165438563,0.05794065608912727,201.27355136712916,204.64282261551253,262.257475110739,1.9618320610687023,24.0,11.731896772517466,49.36796258708482,8.807741380468839,47.778117068084335,0.04,0.03333333333333333,0.0,0.006666666666666667,0.996533
train/Train_Fight/3CQi0ZCCHvc_2.avi,Fight,3CQi0ZCCHvc,150,10,1.7333333333333334,2.0,4.0,0.25914249771373316,0.23805694086198953,0.05524441485155583,205.19910265287993,205.79815197637728,288.9068271919775,4.619354838709677,30.0,7.73249563673803,62.35123312205265,6.03173024749373,60.83590439161963,0.3466666666666667,0.05333333333333334,0.013333333333333334,0.02666666666666667,0.216859
train/Train_Fight/6mrIIcAQ2fI_0.avi,Fight,6mrIIcAQ2fI,150,59,0.8066666666666666,1.0,3.0,0.35710678821494496,0.3661507839963888,0.09886854620467221,328.8370534901343,294.06257300865616,546.9441038906757,34.04426559356137,146.0,23.833890175082285,129.004861169915,18.02491991030217,97.63484592749421,0.006666666666666667,0.0,0.0,0.0,0.411137
train/Train_Fight/6mrIIcAQ2fI_2.avi,Fight,6mrIIcAQ2fI,150,150,0.0,0.0,0.0,,,,,,,41.728476821192054,150.0,,,,,0.0,0.0,0.0,0.0,0.288112
train/Train_Fight/6mrIIcAQ2fI_3.avi,Fight,6mrIIcAQ2fI,150,145,0.03333333333333333,0.0,1.0,,,,101.53487010620614,99.36264750796347,108.48791199366754,37.03492063492064,150.0,44.798092405637576,57.25605250109185,24.915920190908544,24.915920190908544,0.0,0.0,0.0,0.0,0.278882
train/Train_Fight/7qtRgyFsk3s_0.avi,Fight,7qtRgyFsk3s,150,20,1.8133333333333332,2.0,3.0,0.3736595815836225,0.39165991535474864,0.046465844673869716,224.26995503652097,210.73891502068312,407.5616583527053,23.34803149606299,150.0,4.5148352512736105,36.96850537633443,3.28704339892763,36.864632684193886,0.26666666666666666,0.0,0.04,0.02666666666666667,0.999823
train/Train_Fight/7qtRgyFsk3s_1.avi,Fight,7qtRgyFsk3s,150,5,2.5866666666666664,3.0,5.0,0.3859637808268458,0.4214875076201957,0.020073040502273903,478.40585180311615,514.0513017292229,611.6231656218655,35.78357380688124,150.0,7.110833390341587,75.5333561407218,5.034233800428136,74.60996135916879,0.56,0.0,0.04666666666666667,0.04,0.737031
train/Train_Fight/8SWZq5we_fk_0.avi,Fight,8SWZq5we_fk,150,30,1.3866666666666667,2.0,3.0,0.6161305888723626,0.7063133463796663,0.020083149260983035,319.90420329363405,355.7834731934772,504.4211746923641,27.025974025974026,150.0,10.12253990031648,38.76945699809576,4.771343110600676,23.638464488097668,0.013333333333333334,0.0,0.0,0.0,0.883163
train/Train_Fight/8SWZq5we_fk_1.avi,Fight,8SWZq5we_fk,150,97,0.6133333333333333,0.0,3.0,0.3638665485026726,0.3617828812660153,0.033193452047177316,240.5172758806814,213.0984663954386,398.03476951889246,33.420138888888886,150.0,14.518588614881088,56.64890829543714,6.954242088075783,44.33525519853933,0.02666666666666667,0.0,0.0,0.0,0.885655
train/Train_Fight/ECoMcgjR_0.avi,Fight,ECoMcgjR,150,35,1.5466666666666666,1.0,5.0,0.3760398956203962,0.3513837190553085,0.03861237978318653,135.1957547677969,134.7249798021674,231.62644888302566,10.200342465753424,61.0,8.203794186008604,34.452885449999044,4.910168149182147,30.488638976242036,0.18,0.08666666666666667,0.04,0.0,0.133195
train/Train_Fight/F7W6PQ3V3y8_0.avi,Fight,F7W6PQ3V3y8,150,0,2.466666666666667,2.0,5.0,0.31859454396317805,0.29487099203185985,0.013673790634383188,235.68091976353816,200.8653601705376,559.7942610240101,4.0886075949367084,50.0,9.098826134158955,54.28224658528673,5.126981868927736,40.46943753227878,0.26666666666666666,0.0,0.04666666666666667,0.03333333333333333,0.055501
train/Train_Fight/F7W6PQ3V3y8_1.avi,Fight,F7W6PQ3V3y8,150,1,2.1866666666666665,2.0,5.0,0.40636877925643466,0.40987798697530914,0.026991084746878398,294.147636185005,270.1253035913387,524.9575640334948,7.545454545454546,77.0,11.175721517193223,52.212445270423416,5.472856046420073,43.798755462100985,0.09333333333333334,0.0,0.04666666666666667,0.013333333333333334,0.777278
train/Train_Fight/F7W6PQ3V3y8_10.avi,Fight,F7W6PQ3V3y8,150,47,0.8,1.0,3.0,0.25376244770361417,0.22030957993484246,0.10806985790789604,163.63707767757293,167.32465521592053,192.8475211428974,22.99874213836478,150.0,4.667295862014819,30.574831402852038,4.034222149628407,29.451001825695712,0.31333333333333335,0.0,0.0,0.006666666666666667,0.012187
train/Train_Fight/F7W6PQ3V3y8_11.avi,Fight,F7W6PQ3V3y8,150,45,0.94,1.0,3.0,0.24515442644439292,0.20876228532850316,0.10616877714214654,184.74553617424402,187.30488180810755,371.32806401117466,23.51741293532338,150.0,5.493217182519333,40.37165054308509,4.5902861916405095,39.20880064173901,0.3933333333333333,0.0,0.013333333333333334,0.02,0.10556
train/Train_Fight/F7W6PQ3V3y8_2.avi,Fight,F7W6PQ3V3y8,150,0,1.9466666666666668,2.0,3.0,0.41960504622681294,0.43584572664839005,0.09076635452981278,188.01351039793414,187.48536312781312,257.43666215757787,13.04851157662624,119.0,3.098443842058381,27.93022443662993,1.7862747605022014,25.1141175947605,0.7933333333333333,0.0,0.006666666666666667,0.006666666666666667,0.411743
train/Train_Fight/F7W6PQ3V3y8_3.avi,Fight,F7W6PQ3V3y8,150,0,1.76,2.0,5.0,0.4119221759134983,0.39105520096671115,0.04190654001815629,197.34701249485283,180.02132662071278,299.8572791074666,5.793539325842697,39.0,4.120127508751696,37.43460339818124,2.1885148828736183,25.84075110495114,0.5733333333333334,0.0,0.013333333333333334,0.006666666666666667,0.051974
train/Train_Fight/F7W6PQ3V3y8_4.avi,Fight,F7W6PQ3V3y8,150,0,1.7133333333333334,2.0,4.0,0.35840202310862784,0.40986602035392977,0.03566552301674402,221.96288958294588,240.14093773946644,300.4805863686765,9.059720457433292,56.0,3.766008551173563,44.97424083154418,2.1557130511286475,36.72881646157479,0.6133333333333333,0.0,0.0,0.013333333333333334,0.009543
train/Train_Fight/F7W6PQ3V3y8_5.avi,Fight,F7W6PQ3V3y8,150,0,2.16,2.0,4.0,0.37446322077239264,0.41743123086827627,0.05229888903012604,247.1485367970447,260.27519840353864,320.46084977767487,8.340720221606649,55.0,5.692408502843178,66.9475502656222,2.9493214638654233,55.81954157860757,0.54,0.0,0.02,0.02,0.038825
train/Train_Fight/F7W6PQ3V3y8_6.avi,Fight,F7W6PQ3V3y8,150,1,1.24,1.0,3.0,0.25335222843237626,0.28446215836280275,0.056872362373228465,175.15426460614748,170.04193998384747,237.22383477691145,6.811676082862523,39.0,6.502733927358555,44.32944242620476,4.173833296571468,41.55868531914124,0.16,0.0,0.006666666666666667,0.006666666666666667,0.073638
train/Train_Fight/F7W6PQ3V3y8_7.avi,Fight,F7W6PQ3V3y8,150,13,1.6133333333333333,1.0,6.0,0.2704752191791918,0.2686488379052805,0.01604564103552531,161.68208324889125,162.92015329241744,234.767979067195,14.458895705521472,134.0,8.966898650873105,64.22918489112462,5.598492348369397,57.89196286145288,0.18,0.0,0.02,0.0,0.102249
train/Train_Fight/F7W6PQ3V3y8_8.avi,Fight,F7W6PQ3V3y8,150,29,1.44,1.0,5.0,0.2055760849078247,0.15724378555011218,0.007963314407040172,208.71000641152108,221.34470137413115,380.267980456613,14.979101358411704,103.0,6.6185734251278365,46.71380197368679,4.966449588244256,46.23685160474079,0.22,0.0,0.02,0.05333333333333334,0.189785
train/Train_Fight/F7W6PQ3V3y8_9.avi,Fight,F7W6PQ3V3y8,150,68,0.64,1.0,3.0,0.26608279283863506,0.27065728339246525,0.052020722495588395,157.22058153301896,156.14140543884668,215.7369279476242,14.996039603960396,89.0,7.950056198243874,42.97630285639883,5.420782162119002,32.44119102272059,0.02,0.0,0.0,0.0,0.070695
train/Train_Fight/FSaZ8wiFw8Q_0.avi,Fight,FSaZ8wiFw8Q,150,0,3.1666666666666665,3.0,5.0,0.30262559338365846,0.2955795136912213,0.04025217731039201,779.8133837054218,783.3838547034825,1028.621282796164,1.5652818991097923,19.0,21.520058035480208,144.43574092241354,10.768188036679117,92.95123441368,0.03333333333333333,0.0,0.05333333333333334,0.05333333333333334,0.997107
train/Train_Fight/Fc45rUKM_0.avi,Fight,Fc45rUKM,150,36,1.12,1.0,3.0,0.4497598639628183,0.404145022055283,0.029020098943036515,38.635561747758345,27.830279230099052,120.65879109205727,30.92138364779874,127.0,2.2418378339656946,19.539114733266633,1.170797614684297,14.57875155655363,0.5133333333333333,0.02666666666666667,0.0,0.0,0.750919
train/Train_Fight/Fc45rUKM_1.avi,Fight,Fc45rUKM,150,83,0.5733333333333334,0.0,3.0,0.32952121783645877,0.3299220629797141,0.05645682164628434,29.04344448304789,26.675678570611627,132.15272453311766,54.49629629629629,150.0,1.5768064118014937,6.263235779264788,1.0286345835068234,5.5184995461098625,0.2866666666666667,0.006666666666666667,0.0,0.0,0.108012
train/Train_Fight/Fc45rUKM_2.avi,Fight,Fc45rUKM,150,29,1.5466666666666666,1.0,5.0,0.5361638087429853,0.5685815705010868,0.011492027896007838,80.26333291241262,47.135043643551185,260.2511889193077,43.84362139917695,132.0,1.9381589960019094,14.648774965853619,0.7200099156134103,9.45659655372665,0.6466666666666666,0.06,0.013333333333333334,0.013333333333333334,0.092098
train/Train_Fight/Fc45rUKM_3.avi,Fight,Fc45rUKM,150,78,0.84,0.0,5.0,0.354007273494133,0.3154641014311953,0.02084433708097117,38.12461254723928,29.346540674310624,131.48977865585482,47.700840336134455,144.0,1.325968827229338,9.813791424074061,0.9717931404916788,6.667160755884183,0.4,0.02,0.006666666666666667,0.006666666666666667,0.143887
train/Train_Fight/Fc45rUKM_4.avi,Fight,Fc45rUKM,150,64,1.02,1.0,4.0,0.5465837765766559,0.7339965285406161,0.05082944811336699,62.61089366027079,30.493425878369887,130.94122459018195,37.19022687609075,120.0,1.006907527797197,10.869396868508833,0.7675527378281598,5.8162751909599555,0.47333333333333333,0.02666666666666667,0.02,0.02666666666666667,0.230368
train/Train_Fight/Fc45rUKM_5.avi,Fight,Fc45rUKM,150,71,0.8866666666666667,1.0,4.0,0.26148956897061226,0.3175579353786554,0.04309085127063443,27.962651882851407,29.980299516333787,33.98458959801172,39.40974729241877,138.0,0.8893574712521539,7.686753261551164,0.5532462726633819,4.912793868811252,0.36666666666666664,0.04666666666666667,0.006666666666666667,0.013333333333333334,0.157482
train/Train_Fight/Fc45rUKM_6.avi,Fight,Fc45rUKM,150,17,1.4266666666666667,1.0,3.0,0.49389264547055345,0.5391648440182821,0.061596705378068856,44.34073694092198,28.08866991288154,118.41147753818095,46.37031700288185,142.0,0.873655222387027,4.025365114131199,0.45965298394374354,3.4679110521597645,0.86,0.02,0.006666666666666667,0.006666666666666667,0.470572
train/Train_Fight/GafFu4IZtIA_0.avi,Fight,GafFu4IZtIA,150,0,7.46,7.0,11.0,0.3531395950057027,0.3009697632643572,0.010561797668694455,1035.8698379967375,1039.5481491724893,1395.028064651273,1.5736934820904287,21.0,12.078373614132932,91.05479724500466,4.98052540058266,79.74509564728784,0.36,0.02666666666666667,0.006666666666666667,0.2733333333333333,0.125563
train/Train_Fight/GafFu4IZtIA_1.avi,Fight,GafFu4IZtIA,150,0,6.22,6.0,11.0,0.33524201678005777,0.29562505701832203,0.009071925383975542,1050.2672394669876,1147.8386943507453,1455.6709074775322,1.106403013182674,20.0,13.761774627870084,112.11983976459338,8.234634887373062,101.98890215582873,0.12,0.04,0.013333333333333334,0.25333333333333335,0.92907
train/Train_Fight/GafFu4IZtIA_2.avi,Fight,GafFu4IZtIA,150,0,16.293333333333333,16.5,26.0,0.35013503834373966,0.32837598550088715,0.009752961641690382,1349.262709023902,1391.268669236884,1466.0117720915987,0.9727095516569201,20.0,13.086383096042045,195.0906263711689,8.3270090266857,139.36699402372219,0.32,0.07333333333333333,0.006666666666666667,0.6,0.165804
train/Train_Fight/GafFu4IZtIA_3.avi,Fight,GafFu4IZtIA,150,0,7.246666666666667,7.0,11.0,0.31535709962143255,0.2872735631939184,0.007866680939316875,1165.1317519027514,1193.5885183685955,1428.1801577449469,3.5540355677154585,79.0,13.198966705544382,144.10476485466464,7.92077410292936,128.3442074710532,0.36666666666666664,0.006666666666666667,0.006666666666666667,0.30666666666666664,0.00695
train/Train_Fight/GafFu4IZtIA_4.avi,Fight,GafFu4IZtIA,150,0,6.986666666666666,7.0,13.0,0.31126757727824855,0.2884012237762529,0.007409224565329486,908.3943125058648,897.3580274055648,1113.6853800642093,1.7941628264208909,33.0,13.717550549739778,122.23898988231471,7.781411898821852,114.14653714674262,0.22666666666666666,0.0,0.006666666666666667,0.32,0.010443
train/Train_Fight/GafFu4IZtIA_6.avi,Fight,GafFu4IZtIA,150,0,7.306666666666667,7.0,11.0,0.31094794690831024,0.2995144469703925,0.007905605181987513,862.1099242515149,864.0668455203361,910.2536491312176,1.6611865618298784,33.0,10.81457689060272,168.39241826873337,6.150683632781114,148.88069481583508,0.18,0.0,0.006666666666666667,0.17333333333333334,0.08531
train/Train_Fight/GafFu4IZtIA_7.avi,Fight,GafFu4IZtIA,150,0,6.506666666666667,7.0,10.0,0.3073101407942987,0.2946092488407377,0.02175857385618583,815.9877113300427,779.2598838560428,1125.3661506591811,0.9537815126050421,30.0,14.74485218424374,175.19560128480083,8.414252462004736,143.71381789412942,0.04666666666666667,0.0,0.02,0.24,0.116209
train/Train_Fight/Gr3ikl6A2bE_1.avi,Fight,Gr3ikl6A2bE,150,0,5.866666666666666,6.0,9.0,0.34141653178016895,0.28430502861586515,0.009332592967634529,757.6930432014493,761.7429828404613,883.8010139638118,36.17820140903439,150.0,3.501341998256102,55.004947545927365,2.787469355079614,52.51309844852833,0.9733333333333334,0.0,0.006666666666666667,0.15333333333333332,0.002451
train/Train_Fight/Gr3ikl6A2bE_2.avi,Fight,Gr3ikl6A2bE,150,0,3.993333333333333,4.0,7.0,0.43653238830599356,0.38006847869017446,0.009875276652085435,583.8140590959935,619.9447199151932,749.3481456132163,39.19714285714286,150.0,2.4957525623257824,33.20612236877424,1.8489362477273399,31.13000605940172,0.9,0.0,0.006666666666666667,0.08666666666666667,0.006086
train/Train_Fight/GuLMP_IOrR0_0.avi,Fight,GuLMP_IOrR0,150,0,10.413333333333334,11.0,16.0,0.31722858024723116,0.2947613214520558,0.010140705571129621,1228.562993553088,1215.6890488077665,1444.8918293878714,0.7923894795747062,19.0,16.93537764256228,154.0670591671806,10.886138954405505,130.10556120744707,0.3,0.04666666666666667,0.006666666666666667,0.5133333333333333,0.484708
train/Train_Fight/GuLMP_IOrR0_1.avi,Fight,GuLMP_IOrR0,150,0,10.146666666666667,10.0,17.0,0.3178468017419865,0.2877099309655463,0.008849876549735639,1170.7716807154152,1111.9647467198838,1447.8884130471074,1.0030518819938963,20.0,14.954750016211662,183.6124814282829,9.179436649484138,123.1829144100472,0.16,0.04666666666666667,0.006666666666666667,0.4866666666666667,0.370955
train/Train_Fight/HtbVjsRA_0.avi,Fight,HtbVjsRA,150,86,0.8733333333333333,0.0,5.0,0.2887116493641326,0.32745172947860024,0.06357629896603502,61.15387986808534,59.77189314321639,75.8890148407731,35.9369918699187,150.0,3.317929734559631,16.884623219385414,2.1374020800668108,15.336122029809044,0.15333333333333332,0.04666666666666667,0.02,0.006666666666666667,0.017688
train/Train_Fight/HtbVjsRA_1.avi,Fight,HtbVjsRA,150,95,0.38,0.0,2.0,0.09328427985071333,0.09328427985071333,0.0909398492070101,34.989967047808186,35.70151831131082,41.620415252776546,40.17463848720801,150.0,1.3996242022333678,8.124230452391501,0.6035373515377097,6.164265419348731,0.2866666666666667,0.013333333333333334,0.0,0.0,0.029153
train/Train_Fight/HtbVjsRA_2.avi,Fight,HtbVjsRA,150,62,0.88,1.0,3.0,0.33158539381636254,0.38466024004811317,0.007378703597107943,50.82405550461974,45.8706790832033,103.17533124648686,47.029017857142854,150.0,2.425036376824053,15.692832795578136,1.8346976615725668,13.07224952562372,0.37333333333333335,0.05333333333333334,0.013333333333333334,0.02,0.015837
train/Train_Fight/Ile3EVQA_0.avi,Fight,Ile3EVQA,150,0,2.3266666666666667,2.0,5.0,0.2530999885683155,0.2431738729167225,0.06387644236183512,249.09344892371078,249.40975643730917,336.2457707145206,2.0381861575178997,14.0,8.664318835370457,67.38555036954816,5.457691623672089,50.407148651668095,0.24666666666666667,0.06,0.02666666666666667,0.05333333333333334,0.734826
train/Train_Fight/Ile3EVQA_1.avi,Fight,Ile3EVQA,150,25,1.1866666666666668,1.0,3.0,0.3712588084063057,0.418434736881205,0.08258645017575117,214.6337171397249,229.4816100808389,344.2835054523358,1.5507246376811594,14.0,13.093645210173978,57.46896662485845,8.56631695246852,47.15805619742927,0.05333333333333334,0.02666666666666667,0.0,0.006666666666666667,0.893318
train/Train_Fight/JPIeYvRgo6I_0.avi,Fight,JPIeYvRgo6I,150,110,0.30666666666666664,0.0,3.0,0.2836360793137437,0.12944183000631587,0.07648565693892927,167.42433915309334,166.82608914529501,258.3420334419582,7.339160839160839,50.0,13.75353990753716,52.955227048827915,10.55482665919254,36.3756222437865,0.0,0.006666666666666667,0.0,0.0,0.923285
train/Train_Fight/JPIeYvRgo6I_1.avi,Fight,JPIeYvRgo6I,150,131,0.12666666666666668,0.0,1.0,,,,145.8388213640144,143.02442308253174,169.65619761119808,14.431693989071038,65.0,4.208288752254253,17.45356102414805,3.216899800832993,16.28056822412585,0.013333333333333334,0.0,0.0,0.0,0.439032
train/Train_Fight/NpznjZe7A2M_0.avi,Fight,NpznjZe7A2M,150,0,1.48,1.0,3.0,0.24020855750543435,0.25010518413636734,0.08661390466603262,366.97299607416363,365.5059679663837,448.1908686769516,2.521276595744681,26.0,13.111586019681575,78.68488535510183,9.570495949326451,78.62062162643267,0.06,0.06,0.0,0.02666666666666667,0.997707
train/Train_Fight/NpznjZe7A2M_1.avi,Fight,NpznjZe7A2M,150,9,1.18,1.0,3.0,0.24554860776599935,0.2537641289271268,0.08501803498208375,325.7809074245183,310.76984084629663,409.7089328107185,4.443396226415095,29.0,11.580301742086437,101.74317442168092,8.85013009693348,99.71076383287351,0.06666666666666667,0.04,0.0,0.006666666666666667,0.999972
train/Train_Fight/NxtwlqSnLbY_1.avi,Fight,NxtwlqSnLbY,150,59,0.6333333333333333,1.0,2.0,0.32320017145049906,0.18398325169033028,0.13371261986890773,156.37101143490187,145.68497892868947,357.4571558484493,9.221176470588235,66.0,6.840017124956453,36.562735157299954,4.534759246974951,36.562735157299954,0.1,0.006666666666666667,0.0,0.0,0.998228
train/Train_Fight/NxtwlqSnLbY_2.avi,Fight,NxtwlqSnLbY,150,51,0.9466666666666667,1.0,3.0,0.5600955341324161,0.604205076380587,0.09475652358948558,236.42159576899297,193.20187126480815,453.52045347276,2.791277258566978,23.0,6.0431686191922145,37.978597801405755,3.6681238947593386,33.14022511259197,0.16666666666666666,0.02,0.013333333333333334,0.0,0.967855
train/Train_Fight/NxtwlqSnLbY_3.avi,Fight,NxtwlqSnLbY,150,15,1.5866666666666667,2.0,3.0,0.5332394593614349,0.5315490024673262,0.08329118126217236,303.5393696568999,345.77553373630025,458.99993622179466,1.2984496124031009,12.0,8.34695356274207,66.18985693755853,5.326325556567034,61.29333722345593,0.11333333333333333,0.03333333333333333,0.02,0.0,0.985882
train/Train_Fight/NxtwlqSnLbY_4.avi,Fight,NxtwlqSnLbY,150,119,0.20666666666666667,0.0,1.0,,,,112.14613233116246,110.45642512696526,184.01633814177137,2.06,7.0,6.971565322922125,19.78386953697342,4.003541880417546,14.144496615695004,0.02,0.0,0.0,0.0,0.886383
train/Train_Fight/QkqaGJ9x_0.avi,Fight,QkqaGJ9x,150,8,2.3,2.0,5.0,0.32175751270203,0.3059036273293325,0.04951603985366415,140.6966254879234,136.7946994910963,272.17111426583295,4.335135135135135,22.0,2.7432420136694717,18.15026162393359,2.2968317898136776,18.05392459196201,0.4866666666666667,0.06,0.05333333333333334,0.07333333333333333,0.025927
train/Train_Fight/QkqaGJ9x_1.avi,Fight,QkqaGJ9x,150,15,1.8733333333333333,2.0,5.0,0.34920414318050963,0.3302082417791243,0.03662430289371358,121.10286191761764,118.55033766820765,259.98157835434796,3.7784256559766765,24.0,2.8841561669159823,24.288195247303946,2.2215237940552623,24.27550272277346,0.4266666666666667,0.06666666666666667,0.03333333333333333,0.04,0.02552
train/Train_Fight/QkqaGJ9x_2.avi,Fight,QkqaGJ9x,150,32,1.4933333333333334,2.0,5.0,0.30766403713303153,0.293754879932808,0.031890332446249454,140.9257422881225,127.03376867354302,276.75292415549507,4.571428571428571,21.0,2.9629622875885486,30.959655061978932,2.8767035802787624,30.559208714924754,0.44,0.08,0.013333333333333334,0.04,0.087243
train/Train_Fight/QkqaGJ9x_3.avi,Fight,QkqaGJ9x,150,25,1.7,2.0,6.0,0.2875933114813183,0.28109211733548634,0.02744761759047251,128.37449508623624,126.62705877856814,214.43062257434096,8.513353115727003,57.0,2.4334015818466166,35.38186185815972,2.027048585684867,34.78832107038427,0.4666666666666667,0.05333333333333334,0.02666666666666667,0.04666666666666667,0.018195
train/Train_Fight/R1A_AxUKosk_0.avi,Fight,R1A_AxUKosk,150,17,1.8466666666666667,2.0,6.0,0.3569127634560843,0.3125716050292424,0.0284601292422986,335.71506251280414,308.90450322118505,580.7106946358625,1.165644171779141,11.0,12.078560678548834,66.07538005821819,7.1861263993861115,45.71709814822179,0.12,0.05333333333333334,0.03333333333333333,0.0,0.769953
train/Train_Fight/R1A_AxUKosk_1.avi,Fight,R1A_AxUKosk,150,21,1.6266666666666667,2.0,4.0,0.3524581919144539,0.3053795860278685,0.008947340470921187,285.15224569401545,259.55091095301884,577.5629578423417,1.3458646616541354,13.0,11.506153117954739,77.07186447445959,8.120616713133286,71.66922402749469,0.16,0.02666666666666667,0.02,0.013333333333333334,0.697919
train/Train_Fight/R1A_AxUKosk_2.avi,Fight,R1A_AxUKosk,150,24,1.9133333333333333,2.0,5.0,0.34759735188903973,0.28979117702642576,0.026269718975542804,341.7805672919445,306.91744875632617,578.8922818197442,1.2181818181818183,11.0,12.664824121295194,80.9602452165741,7.930748130977586,70.89271490136296,0.12666666666666668,0.03333333333333333,0.04666666666666667,0.02,0.906653
train/Train_Fight/R1A_AxUKosk_3.avi,Fight,R1A_AxUKosk,150,5,1.9266666666666667,2.0,5.0,0.32144819470587327,0.317711300864402,0.021546393123051524,316.5051137780373,300.44331355529374,521.2842211619746,0.735202492211838,9.0,15.65745922158333,79.77569127974206,11.915016555964716,68.0171010714081,0.04666666666666667,0.013333333333333334,0.02666666666666667,0.02,0.99945
train/Train_Fight/R1A_AxUKosk_4.avi,Fight,R1A_AxUKosk,150,6,2.5733333333333333,2.0,7.0,0.3823355730907716,0.35087560795134587,0.020507830571118452,364.0134360882075,393.93928698250636,580.3993536757979,1.0934343434343434,10.0,13.306766339186968,73.90623565416873,9.092529634028171,63.0967711284171,0.12666666666666668,0.06666666666666667,0.03333333333333333,0.04666666666666667,0.981423
train/Train_Fight/ROiHwksPSrg_0.avi,Fight,ROiHwksPSrg,150,39,1.4333333333333333,1.0,6.0,0.35023645840243595,0.40226946785666096,0.008449409601667266,301.1225161904731,321.57065601332175,440.6338596295521,4.222672064777328,36.0,16.82980675829944,101.24766837236342,10.551627739171298,72.98641939124478,0.32666666666666666,0.06666666666666667,0.02,0.006666666666666667,0.300915
train/Train_Fight/RYFG_774.avi,Fight,RYFG,150,0,7.3133333333333335,7.0,13.0,0.32248227084187575,0.30745472767452414,0.014272640684497405,447.39921501921066,465.52878307094636,548.2957020380265,3.3096026490066226,39.0,8.266248487960555,83.06934504220919,6.294200401239426,69.48167963864815,0.6533333333333333,0.12666666666666668,0.013333333333333334,0.32,0.694802
train/Train_Fight/RYFG_775.avi,Fight,RYFG,150,0,6.46,7.0,12.0,0.34290806652030853,0.32322624493815244,0.02273179598636839,443.57189166959625,451.58031410955164,511.35512534099576,2.285296981499513,30.0,11.158143036889678,102.30252825007017,8.758295312451656,82.98367287988383,0.5133333333333333,0.18666666666666668,0.006666666666666667,0.28,0.770926
train/Train_Fight/RYFG_776.avi,Fight,RYFG,150,0,6.073333333333333,6.0,12.0,0.3374968812962857,0.32548172846753326,0.02146841867643781,479.6395237927733,501.9097875525959,549.1518516337154,3.188465499485067,47.0,10.23687233259474,89.82040547387827,7.761054807045771,71.68432391982302,0.6066666666666667,0.10666666666666667,0.013333333333333334,0.2733333333333333,0.983899
train/Train_Fight/RYFG_777.avi,Fight,RYFG,150,0,4.0,4.0,8.0,0.3063886506398507,0.2892264881914433,0.022188903436816527,317.21344334250205,330.6165718480273,498.0873773842888,1.6377245508982037,13.0,6.698894197031186,55.88611862013509,5.051005867084323,50.60037576062027,0.30666666666666664,0.12666666666666668,0.04,0.14,0.823246
train/Train_Fight/RYFG_778.avi,Fight,RYFG,150,0,5.033333333333333,5.0,9.0,0.2952314688031875,0.27960836068949224,0.027988028966537452,308.9290364474261,301.241560266026,386.4722920741742,1.7450980392156863,14.0,5.82717855730989,51.76955090726614,4.329116298572219,51.56670974269384,0.3333333333333333,0.09333333333333334,0.006666666666666667,0.19333333333333333,0.930722
train/Train_Fight/RYFG_779.avi,Fight,RYFG,150,0,4.886666666666667,5.0,7.0,0.30512013981990693,0.27229894399959487,0.010473621595239265,258.6376202866706,261.4329870730736,330.12031759430596,5.796519410977242,52.0,3.9469034063317907,36.77814671572372,2.8101761496101774,34.601018714207854,0.8066666666666666,0.1,0.006666666666666667,0.14666666666666667,0.905168
train/Train_Fight/RYFG_781.avi,Fight,RYFG,150,0,5.3533333333333335,6.0,11.0,0.2952180107102017,0.27730518443785884,0.018619953494163344,341.3468085825316,333.2722555292461,471.4443412472741,1.8872093023255814,20.0,7.375438939988863,46.531087744976645,5.409895919202246,46.32150352544547,0.32,0.08666666666666667,0.03333333333333333,0.20666666666666667,0.954079
train/Train_Fight/SCnBiAteLVI_0.avi,Fight,SCnBiAteLVI,150,0,1.9866666666666666,2.0,5.0,0.4180917187877617,0.40149123113440777,0.01496863033435,243.69450095057152,202.62723589630323,422.05285988251353,15.563347083087802,93.0,5.067125468634477,70.04661038172246,2.5728831583321856,56.95340725904782,0.32666666666666666,0.006666666666666667,0.013333333333333334,0.02,0.558793
train/Train_Fight/SCnBiAteLVI_1.avi,Fight,SCnBiAteLVI,150,0,2.7333333333333334,3.0,5.0,0.4845719488859221,0.5948644351677742,0.009542165022191072,389.2304037207484,407.1357488152529,434.07903577593873,46.96805555555556,150.0,2.1356287199499455,17.074766900186674,1.2453900451567315,12.668790209242225,0.8733333333333333,0.0,0.04666666666666667,0.0,0.538279
train/Train_Fight/UvLAudRA91Y_0.avi,Fight,UvLAudRA91Y,150,0,4.9,4.0,9.0,0.39583127550076413,0.3850447055773067,0.012700817050177848,869.8595154421245,830.8261514954586,1321.535305860144,15.408,115.0,10.021282405812979,67.55340301928777,3.354564266484879,58.6130992929435,0.6266666666666667,0.0,0.02666666666666667,0.13333333333333333,0.994291
train/Train_Fight/UvLAudRA91Y_1.avi,Fight,UvLAudRA91Y,150,0,6.66,7.0,9.0,0.3483693121031139,0.32124155861316894,0.01699224582338542,802.8009917385632,804.7322359966016,824.1321172352191,28.034285714285716,150.0,6.282460374951946,85.04439267804275,2.7435471565572596,73.23565203556069,0.9733333333333334,0.0,0.006666666666666667,0.24666666666666667,0.381444
train/Train_Fight/adg5WJ6y_1.avi,Fight,adg5WJ6y,150,0,6.466666666666667,6.0,11.0,0.35108743137367,0.33525514910573995,0.005690937080732323,234.7842682600495,244.73778162187966,287.60280840088274,20.940860215053764,124.0,1.635202531957375,18.569362189398625,1.0237906689042175,13.09438561396838,0.9733333333333334,0.10666666666666667,0.013333333333333334,0.24666666666666667,0.025303
train/Train_Fight/ar5ns2zW4lY_0.avi,Fight,ar5ns2zW4lY,150,6,1.2,1.0,3.0,0.23383811492262865,0.2757320406380255,0.04587374612150449,476.42211504789947,483.10801585678615,658.6505100365644,32.017735334242836,150.0,15.305802357672649,88.46509224924529,11.151559672623383,75.07357239125243,0.04,0.0,0.0,0.013333333333333334,0.606045
train/Train_Fight/ar5ns2zW4lY_1.avi,Fight,ar5ns2zW4lY,150,19,1.1266666666666667,1.0,2.0,0.198435063560368,0.1634451742204514,0.0885767200445035,332.18644454649086,318.5354805306927,485.573884354958,39.8208762886598,150.0,13.174370583111784,71.47460556535059,11.731837940809148,69.27821377031384,0.04666666666666667,0.0,0.0,0.03333333333333333,0.998681
train/Train_Fight/bqZo64e6_0.avi,Fight,bqZo64e6,150,14,1.8733333333333333,2.0,5.0,0.25078404192808024,0.2433147770373808,0.03526489121441367,201.49255179804274,203.40687959989452,258.70233346501516,2.006006006006006,29.0,11.3917249222999,51.366402764653934,8.94001257021676,46.80974954107853,0.02,0.07333333333333333,0.02666666666666667,0.02,0.999288
train/Train_Fight/bqZo64e6_1.avi,Fight,bqZo64e6,150,9,1.9466666666666668,2.0,5.0,0.3325088745434049,0.33819507253815295,0.057278918371797924,183.31173846122394,194.1541688440279,215.6767882944756,8.504651162790697,67.0,6.057451742019221,45.322507143266826,4.123831196857098,43.336814266692,0.31333333333333335,0.0,0.02666666666666667,0.02,0.925566
train/Train_Fight/bqZo64e6_2.avi,Fight,bqZo64e6,150,2,2.1266666666666665,2.0,4.0,0.40095175697926233,0.3739009168784376,0.03741242357408664,228.67967427668992,203.68941758018318,365.75804927554066,1.4304461942257218,16.0,8.323606482341262,69.53114422318383,5.901230452539331,66.9770461514623,0.08,0.006666666666666667,0.04,0.04,0.297772
train/Train_Fight/bzw-HKuuQbg_0.avi,Fight,bzw-HKuuQbg,150,25,1.3133333333333332,1.0,3.0,0.2523292174724546,0.2515686163707388,0.05244704622155723,691.9094974979862,720.9437257791949,774.9846996111658,2.330316742081448,16.0,9.867035766719123,96.16816165452195,8.16835819906304,72.8100021931277,0.2,0.0,0.0,0.0,1.0
train/Train_Fight/bzw-HKuuQbg_1.avi,Fight,bzw-HKuuQbg,150,139,0.08666666666666667,0.0,2.0,0.1521296165274819,0.1521296165274819,0.15109809511197914,361.4136994651382,434.1027025481401,600.5515589800611,1.2777777777777777,3.0,23.929464547352165,66.25329069490317,60.92184977261799,60.92184977261799,0.0,0.0,0.0,0.0,0.997659
train/Train_Fight/bzw-HKuuQbg_2.avi,Fight,bzw-HKuuQbg,150,99,0.34,0.0,1.0,,,,500.97090443734857,493.3752425931853,541.0314187189854,1.6451612903225807,6.0,16.048496913261136,70.35761444766581,14.224997654181669,69.39572327362171,0.013333333333333334,0.0,0.0,0.0,0.981672
train/Train_Fight/bzw-HKuuQbg_3.avi,Fight,bzw-HKuuQbg,150,144,0.04,0.0,1.0,,,,334.70870142552326,327.6954566340056,433.8871961667684,0.8888888888888888,3.0,85.17462170195536,171.6357262686622,87.38802434740872,123.18866992106817,0.0,0.0,0.0,0.0,0.997963
train/Train_Fight/bzw-HKuuQbg_4.avi,Fight,bzw-HKuuQbg,150,130,0.14,0.0,2.0,0.11798957666004477,0.11798957666004477,0.11798957666004477,493.9060840719118,519.727040031873,535.8126833705539,1.8,5.0,23.81857480525715,64.65539955135964,22.935153279494095,61.00301238911706,0.0,0.0,0.0,0.0,0.901621
train/Train_Fight/bzw-HKuuQbg_5.avi,Fight,bzw-HKuuQbg,150,107,0.2866666666666667,0.0,1.0,,,,491.0367078967051,490.5400445212423,518.0458925964459,2.1666666666666665,10.0,8.87082517006225,51.98267939848001,7.792689539049252,50.25616926288163,0.04,0.0,0.0,0.0,0.989585
train/Train_Fight/bzw-HKuuQbg_6.avi,Fight,bzw-HKuuQbg,150,129,0.14,0.0,1.0,,,,398.50836054704916,388.7723986391766,486.3413953259024,1.9166666666666667,5.0,7.070187121991828,49.030626524616,6.879477860996579,47.794926478738574,0.013333333333333334,0.0,0.0,0.0,0.999273
train/Train_Fight/dt8YUGoOSgQ_0.avi,Fight,dt8YUGoOSgQ,150,17,1.2266666666666666,1.0,3.0,0.2956984983554214,0.35310152951692947,0.06217155956349972,501.18089561173184,414.8598966822236,825.1128369084716,1.5808080808080809,14.0,16.15557529087098,164.3676488639926,12.85728553194978,162.09830093672235,0.08666666666666667,0.0,0.0,0.006666666666666667,0.99998
train/Train_Fight/dt8YUGoOSgQ_1.avi,Fight,dt8YUGoOSgQ,150,64,0.8666666666666667,1.0,3.0,0.3145269350243779,0.3713160267119431,0.0862501130100161,486.3146727420827,509.5788885839446,729.8402774367695,2.185185185185185,16.0,15.774565111545149,91.49612154316222,13.821922011212072,91.25215378037697,0.03333333333333333,0.0,0.013333333333333334,0.006666666666666667,0.999944
train/Train_Fight/dxzvtJ4gPC0_0.avi,Fight,dxzvtJ4gPC0,150,25,1.1066666666666667,1.0,3.0,0.45506525819832605,0.4602780488491024,0.07570314359084288,309.70244070586904,283.62066363211505,501.38983087562747,8.870748299319727,68.0,9.549974265320861,63.64246577185207,8.226874420325053,63.332684416901714,0.04,0.0,0.0,0.0,0.997531
train/Train_Fight/dxzvtJ4gPC0_1.avi,Fight,dxzvtJ4gPC0,150,14,1.5333333333333334,1.0,4.0,0.34844881813604567,0.2811192975174059,0.06467233455413364,318.1291559394339,270.93539960818333,564.8114760184619,4.8179419525065965,39.0,7.340981116069273,62.537644847814704,5.296686369180331,60.88717472440689,0.38,0.0,0.02666666666666667,0.02666666666666667,0.998762
train/Train_Fight/e4U3gEDEB58_0.avi,Fight,e4U3gEDEB58,150,42,0.86,1.0,2.0,0.2761170673742954,0.2796474217233285,0.25353484441535706,344.445059618938,394.2833175327676,428.0892918033042,5.352173913043479,32.0,7.411574035120867,64.54985422995576,6.438397359702871,50.460289121576245,0.12666666666666668,0.03333333333333333,0.0,0.0,0.548845
train/Train_Fight/gNIohJfdvEc_0.avi,Fight,gNIohJfdvEc,150,0,5.84,6.0,9.0,0.3271143302991346,0.2538115851059779,0.00845307442157342,933.3494679289711,946.664118083919,1082.9352938553877,1.1243926141885325,18.0,13.170844574318208,137.91629833180113,8.041215218787666,115.8168236141693,0.32666666666666666,0.0,0.006666666666666667,0.28,0.183359
train/Train_Fight/gNIohJfdvEc_1.avi,Fight,gNIohJfdvEc,150,0,5.66,6.0,10.0,0.31689937983928473,0.2514574496041998,0.012361308794299778,887.9879041729142,988.9970075185549,1047.2598405392348,1.4287118977384463,21.0,14.801349245170696,136.63106061825806,9.515638986890762,82.42242115001183,0.4066666666666667,0.0,0.013333333333333334,0.2866666666666667,0.234791
train/Train_Fight/gNIohJfdvEc_2.avi,Fight,gNIohJfdvEc,150,0,5.206666666666667,5.0,8.0,0.3424147826349569,0.2977034206933071,0.015856053148684948,987.6867644740291,1040.224995431604,1084.34042961231,3.318840579710145,64.0,12.916217599146972,146.3782599847837,7.754015829252856,140.00819680651358,0.6866666666666666,0.0,0.006666666666666667,0.19333333333333333,0.112879
train/Train_Fight/kOp57sQKMPY_0.avi,Fight,kOp57sQKMPY,150,14,1.7333333333333334,2.0,3.0,0.35841076278878947,0.33472685108788885,0.03952575720777344,358.17540487397537,282.91176286823793,781.4023031119337,55.29847908745247,150.0,8.044503816289573,60.11910759128776,2.8146617314602396,26.784599052968428,0.43333333333333335,0.0,0.006666666666666667,0.006666666666666667,0.066162
train/Train_Fight/kOp57sQKMPY_1.avi,Fight,kOp57sQKMPY,150,40,1.1,1.0,3.0,0.35278965673549323,0.3487021066959064,0.07341580086444834,244.5481757287507,229.56542206320643,455.96079024858506,37.77610441767068,150.0,10.958976000553088,43.54720030780002,4.530930250068071,38.10803950680183,0.02666666666666667,0.0,0.0,0.0,0.089833
train/Train_Fight/mxlWEjopk_c_0.avi,Fight,mxlWEjopk_c,150,75,0.6533333333333333,0.5,3.0,0.21369274280118297,0.20267062532419378,0.09298233061740076,321.6248043021647,328.2985549105773,418.4834679936988,55.39380530973451,150.0,21.23381754631656,73.36539931712336,13.036729592508747,64.7767139417976,0.0,0.0,0.006666666666666667,0.0,0.687302
train/Train_Fight/p1bUxYeJ_0.avi,Fight,p1bUxYeJ,150,10,1.6,1.0,4.0,0.3557573176628136,0.4215574924074956,0.04256283436756727,119.50696290025168,118.48261698077704,187.77595178870624,2.6339622641509433,18.0,4.388165690023003,40.476590650034005,2.9157858463380615,37.802835996703074,0.30666666666666664,0.06,0.013333333333333334,0.03333333333333333,0.7351
train/Train_Fight/p1bUxYeJ_1.avi,Fight,p1bUxYeJ,150,9,1.5666666666666667,1.5,4.0,0.3874217427562099,0.401085782400028,0.018622689660026344,145.30233728639988,157.91840884213715,228.16727414788645,3.087378640776699,25.0,6.187479410063142,45.63022719929627,4.155423405362084,36.820428115577386,0.28,0.07333333333333333,0.006666666666666667,0.006666666666666667,0.015354
train/Train_Fight/p1bUxYeJ_2.avi,Fight,p1bUxYeJ,150,0,2.1333333333333333,2.0,4.0,0.35380204644136376,0.3630778252971308,0.04804930946340949,174.4026834105515,172.56330995047392,249.56497448165425,3.263157894736842,23.0,6.7604697288807305,59.99174255157853,3.6551113028344897,43.432027502276796,0.32666666666666666,0.06666666666666667,0.03333333333333333,0.006666666666666667,0.004366
train/Train_Fight/r8PX3ZJ1_II_0.avi,Fight,r8PX3ZJ1_II,150,7,2.0866666666666664,2.0,5.0,0.44405254595649674,0.5563007539208539,0.030341166992815874,1076.3282585198913,1256.6082054645515,1467.7643782891037,0.8909090909090909,12.0,19.687871976201034,208.22862086574034,15.259080384074661,183.19684709067735,0.13333333333333333,0.0,0.03333333333333333,0.03333333333333333,0.148484
train/Train_Fight/reg_495.avi,Fight,reg,150,89,0.5466666666666666,0.0,3.0,0.4138882276564402,0.4721173651067817,0.09591269219918773,206.24055723022065,173.79653617354919,306.82124659543547,11.513761467889909,61.0,12.720979105760028,56.34001953599904,7.911532431807122,54.611230546410475,0.02,0.03333333333333333,0.0,0.0,1.0
train/Train_Fight/rn7Qjaj9_0.avi,Fight,rn7Qjaj9,150,0,2.5533333333333332,3.0,4.0,0.28625145968374655,0.26239898008508655,0.05077177469715648,113.9853331176501,106.55580096229474,193.9242742741355,37.607142857142854,136.0,2.0159681550369593,14.222784739721138,0.8494504634779498,13.010609702090914,0.9733333333333334,0.02666666666666667,0.006666666666666667,0.02666666666666667,0.157038
train/Train_Fight/rn7Qjaj9_1.avi,Fight,rn7Qjaj9,150,40,1.1933333333333334,1.0,5.0,0.3541301303120812,0.335101000693853,0.04977635230453621,48.22483855969763,43.72164609369202,84.69713152464591,11.50925925925926,52.0,2.509806549801143,11.794267683359097,1.380864071688947,9.717137234667575,0.58,0.03333333333333333,0.02,0.02666666666666667,0.453435
train/Train_Fight/tUzd4cN2_0.avi,Fight,tUzd4cN2,150,1,2.6066666666666665,3.0,6.0,0.3423101784615143,0.3238085808598243,0.03435070562552541,217.88815792760852,224.3222155172114,331.4570880351907,4.013725490196078,38.0,9.38913177937396,68.91385927242393,6.816634719584867,62.4257397923777,0.06666666666666667,0.14666666666666667,0.07333333333333333,0.08,0.913951
train/Train_Fight/uXf4C-YwbtM_1.avi,Fight,uXf4C-YwbtM,150,0,4.42,4.0,9.0,0.4013125355536191,0.40731064907801356,0.025291370572676407,916.4873151817274,949.2881887722124,1337.0239412320714,18.485683987274655,150.0,17.470095127866408,275.45719670602074,11.424342256990567,218.6412068406845,0.9733333333333334,0.0,0.02,0.09333333333333334,0.043759
train/Train_Fight/uXf4C-YwbtM_3.avi,Fight,uXf4C-YwbtM,150,0,4.053333333333334,4.0,9.0,0.36638507101413775,0.3451998701948695,0.016009977806520307,861.0029822487342,968.072204576528,1107.0675083817923,2.5809248554913293,48.0,17.380821317454632,221.90670167321034,10.439757311589661,129.88290895530648,0.2866666666666667,0.0,0.02666666666666667,0.14,0.030331
train/Train_Fight/w1T3NmEAt00_0.avi,Fight,w1T3NmEAt00,150,15,1.4733333333333334,1.0,4.0,0.3748545176417934,0.31639683519196793,0.03326210271321991,236.8602342146422,213.90037927206328,912.0077788951967,19.135802469135804,117.0,12.918417507144653,163.96540634454084,6.774863170891819,125.2193449685116,0.14666666666666667,0.0,0.013333333333333334,0.0,0.983885
train/Train_Fight/wetrew_1195.avi,Fight,wetrew,150,0,8.346666666666666,8.0,12.0,0.29270965387302633,0.24238384923904122,0.011419048501559868,651.0198157938576,712.4707093249112,729.3510921034181,25.581066945606693,150.0,4.141182513358459,67.30818921553022,3.28243715581913,52.975735138914644,0.9733333333333334,0.0,0.006666666666666667,0.26666666666666666,0.233752
train/Train_Fight/╤çΓò£╨í╤à╨á╨╖╤ë╨æ╨╜╤àΓûæ╨ƒ╤åΓòûΓòû╤åΓòûΓòû╤å╨Ö╨ú╤å╨«Γòó╤ÅΓò¥╨£╤ç╨½╨í╤å╨₧╨╖╤à╨ò╨╕╤ç╨╕╨¢╤å╨¢╨¥╤å╨í╨ö_urlgot_317.avi,Fight,╤çΓò£╨í╤à╨á╨╖╤ë╨æ╨╜╤àΓûæ╨ƒ╤åΓòûΓòû╤åΓòûΓòû╤å╨Ö╨ú╤å╨«Γòó╤ÅΓò¥╨£╤ç╨½╨í╤å╨₧╨╖╤à╨ò╨╕╤ç╨╕╨¢╤å╨¢╨¥╤å╨í╨ö_urlgot,150,25,1.1133333333333333,1.0,3.0,0.46130066091083405,0.5508778272585977,0.015835643589473928,353.1485468331887,311.95649062331665,663.0506464992241,21.06434023991276,126.0,17.2400362457976,97.78170025924324,14.127270907476301,71.65643439385869,0.006666666666666667,0.0,0.0,0.0,0.99985
train/Train_NonFight/0QSeuqzpcOQ_0.avi,NonFight,0QSeuqzpcOQ,150,0,1.0066666666666666,1.0,2.0,0.7419660228412508,0.7419660228412508,0.7419660228412508,112.65158842709566,105.03987045249141,360.609078217591,31.12070566388115,150.0,2.029588010751757,11.335737951258801,1.5812898042526349,10.652171421398265,0.4066666666666667,0.0,0.0,0.0,0.04189
train/Train_NonFight/0QSeuqzpcOQ_1.avi,NonFight,0QSeuqzpcOQ,150,0,1.6266666666666667,2.0,4.0,0.7300667664734695,0.7887870864982733,0.016727179341201864,477.9084727889321,374.28027866250784,1114.8991505627803,26.158423493044822,150.0,3.8955744818647213,23.333514206315662,3.37158569961977,23.117758166363046,0.5266666666666666,0.02666666666666667,0.02,0.013333333333333334,0.036993
train/Train_NonFight/0YbzxGPE_0.avi,NonFight,0YbzxGPE,150,0,1.3266666666666667,1.0,3.0,0.42747288380084303,0.4231386749916006,0.01677964176304528,151.58695601838642,147.53981797577995,192.13705487594095,17.922033898305084,82.0,2.6739583217362584,16.020391743515134,1.1712252606314555,8.82042421770123,0.5866666666666667,0.03333333333333333,0.0,0.0,0.000463
train/Train_NonFight/11vr9Jho_0.avi,NonFight,11vr9Jho,150,36,0.9733333333333334,1.0,3.0,0.5931709726543802,0.49108551901753317,0.05675158041366823,50.900399010967064,19.016722702793373,259.1811852548486,56.80402930402931,150.0,0.9848092251135676,5.320315962166612,0.6573061625368339,5.1531434778789285,0.6933333333333334,0.04,0.0,0.006666666666666667,0.019662
train/Train_NonFight/16O0PIQP_0.avi,NonFight,16O0PIQP,150,45,0.9866666666666667,1.0,3.0,0.3174910104957768,0.3881921349980838,0.05165756058987624,14.792134169846628,13.648761493799654,28.569362905346484,67.34846625766872,150.0,0.47547004818375993,1.7400681639591826,0.3209562645980894,1.522457491393379,0.62,0.0,0.0,0.013333333333333334,0.000407
train/Train_NonFight/1Ytq2moWGdw_0.avi,NonFight,1Ytq2moWGdw,150,142,0.05333333333333334,0.0,1.0,,,,127.61300380830203,137.58018826702772,139.0404449079459,3.9615384615384617,12.0,1.5705835996124833,4.072069915185522,2.538462058289073,3.740318985077707,0.0,0.013333333333333334,0.0,0.0,0.010355
train/Train_NonFight/1tU4kxa51vw_0.avi,NonFight,1tU4kxa51vw,150,0,6.533333333333333,6.0,10.0,0.28994750292476285,0.24213835261294048,0.011304029142234707,227.33480315803953,197.2730463318809,308.3931492270005,28.151115618661258,150.0,1.6753496034312017,31.923104741183,1.218700157155709,28.557805865619546,0.9733333333333334,0.0,0.006666666666666667,0.18,0.100435
train/Train_NonFight/1tU4kxa51vw_1.avi,NonFight,1tU4kxa51vw,150,0,6.373333333333333,6.0,8.0,0.31657334407828175,0.3326879123140253,0.011944833364276736,253.73877185571678,237.40748452401056,381.8076407215027,27.909465020576132,150.0,1.6875937934735192,36.9412143505672,0.9445381273339126,32.92789734047375,0.9733333333333334,0.0,0.006666666666666667,0.14,0.062763
train/Train_NonFight/1tU4kxa51vw_2.avi,NonFight,1tU4kxa51vw,150,0,6.226666666666667,6.0,9.0,0.33722648251352655,0.35504869066722233,0.010390380038907542,329.4469571673507,323.55297920413295,397.7610717220644,38.75356415478615,150.0,1.1395644240525094,20.778290695014384,0.6801089110480921,17.488600482769733,0.9733333333333334,0.0,0.006666666666666667,0.07333333333333333,0.000867
train/Train_NonFight/2bBn7MLg_0.avi,NonFight,2bBn7MLg,150,0,2.0,2.0,4.0,0.4662647964929883,0.4807088305191784,0.04020079941885758,286.0260231994842,297.6042499889662,354.55107733324184,8.830128205128204,50.0,2.8842727048352876,22.24216861298288,1.939243888380645,15.845250743202762,0.7533333333333333,0.02666666666666667,0.006666666666666667,0.006666666666666667,0.004251
train/Train_NonFight/310cmTrl_0.avi,NonFight,310cmTrl,150,0,3.62,4.0,6.0,0.4777890632415038,0.47333472184507375,0.012145123090094072,215.18165953504936,218.30506500964026,324.52840168712675,31.552268244575938,150.0,1.1760771801824246,11.310278234684395,0.7611372037887109,10.362313581893146,0.9733333333333334,0.06666666666666667,0.02,0.08,0.007236
train/Train_NonFight/3CQi0ZCCHvc_0.avi,NonFight,3CQi0ZCCHvc,150,0,1.0133333333333334,1.0,2.0,0.05985621177851819,0.05985621177851819,0.054450004187093844,143.13054781697153,141.00422834441179,170.51416623269077,15.678362573099415,60.0,1.450205751819165,16.443301630660887,1.3038808513723785,16.37984736948833,0.7133333333333334,0.013333333333333334,0.0,0.0,0.016874
train/Train_NonFight/3CQi0ZCCHvc_1.avi,NonFight,3CQi0ZCCHvc,150,118,0.21333333333333335,0.0,1.0,,,,116.94630967588677,116.86932096651168,119.01270909456875,30.44878048780488,69.0,0.5344909676703181,1.9054165932561045,0.34638941340331963,1.5430456875728253,0.16666666666666666,0.0,0.0,0.0,0.0221
train/Train_NonFight/3CQi0ZCCHvc_2.avi,NonFight,3CQi0ZCCHvc,150,0,2.6866666666666665,3.0,4.0,0.32864659089615594,0.2674538997603057,0.05877043260857011,259.7216831349042,271.2554047937584,300.6290225714903,11.093478260869565,47.0,3.3933965663234127,36.04397325113817,2.3115257004408973,22.25050721010483,0.86,0.013333333333333334,0.04,0.0,0.003962
train/Train_NonFight/3HCpeji1_0.avi,NonFight,3HCpeji1,150,150,0.0,0.0,0.0,,,,,,,1.0,1.0,,,,,0.0,0.0,0.0,0.0,0.009808
train/Train_NonFight/4RgIlSIB_0.avi,NonFight,4RgIlSIB,150,0,1.1666666666666667,1.0,3.0,0.6196228044020172,0.6597254905237137,0.3991106916216901,118.03361075474056,91.08665495960784,356.20943003906325,45.392,150.0,0.7409960298580457,4.632074989714552,0.5277099503473204,4.359350241448985,0.9733333333333334,0.013333333333333334,0.006666666666666667,0.0,0.045113
train/Train_NonFight/4grE6XdY_0.avi,NonFight,4grE6XdY,150,0,9.313333333333333,9.0,12.0,0.3522928658767349,0.32162637813028144,0.012722429135434,310.04145944055733,310.4293869818561,319.6206512977415,24.35754824063564,150.0,1.4309330563473532,38.22483764163984,1.09171210959528,34.47798529799167,0.9733333333333334,0.10666666666666667,0.006666666666666667,0.22,0.048322
train/Train_NonFight/5CwYc67y_0.avi,NonFight,5CwYc67y,150,0,4.046666666666667,4.0,5.0,0.31807043362161946,0.35166189783709656,0.07157139495795455,308.2220261096666,310.8061063225638,316.2833431407749,40.4801297648013,150.0,0.8848190106216736,37.34657573345402,0.8780053331069823,37.3407608221028,0.9,0.02,0.006666666666666667,0.03333333333333333,0.004178
train/Train_NonFight/5ieZt2nc_0.avi,NonFight,5ieZt2nc,150,150,0.0,0.0,0.0,,,,,,,3.5774647887323945,14.0,,,,,0.0,0.0,0.0,0.0,0.011784
train/Train_NonFight/6mrIIcAQ2fI_0.avi,NonFight,6mrIIcAQ2fI,150,136,0.09333333333333334,0.0,1.0,,,,304.70298183044025,280.43359488492564,358.7100215720313,68.37230769230769,149.0,24.7244546042967,93.5546943884961,16.25155291406074,47.44191715724199,0.0,0.0,0.0,0.0,0.220499
train/Train_NonFight/6mrIIcAQ2fI_1.avi,NonFight,6mrIIcAQ2fI,150,97,0.38,0.0,2.0,0.1139319139530561,0.11413830879860423,0.10637720718380748,257.0590524518379,249.0706121235539,348.2174037631585,56.36486486486486,150.0,15.692678693114079,110.24930720567096,9.92797469145287,66.65401653582353,0.006666666666666667,0.0,0.0,0.006666666666666667,0.155597
train/Train_NonFight/7icHwpC_d44_0.avi,NonFight,7icHwpC_d44,150,41,0.92,1.0,3.0,0.6140369180881289,0.7322722230225969,0.017613553626451013,288.7861894521158,233.53643932614568,617.1079411004653,0.5309734513274337,6.0,19.522280526211993,71.63908842057681,9.48568442572848,53.01887863769143,0.0,0.0,0.0,0.0,0.989449
train/Train_NonFight/7qtRgyFsk3s_0.avi,NonFight,7qtRgyFsk3s,150,0,2.8333333333333335,3.0,4.0,0.40418867901165384,0.5185566704130063,0.02496638163273742,785.6511501267149,784.5036382739199,810.454298101898,23.50326797385621,150.0,2.8401053807296917,73.56591789241833,2.1130221787987584,73.49859943529188,0.7533333333333333,0.0,0.04,0.05333333333333334,0.172729
train/Train_NonFight/7qtRgyFsk3s_1.avi,NonFight,7qtRgyFsk3s,150,0,3.9133333333333336,4.0,5.0,0.3345378231472288,0.28742460574174555,0.053739664270598335,797.1823830693081,792.3865767905681,887.2580039387054,28.653125,150.0,2.8087329022299277,56.94280447286372,1.8961931482361436,54.8888255524524,0.9733333333333334,0.0,0.006666666666666667,0.05333333333333334,0.30826
train/Train_NonFight/8SWZq5we_fk_0.avi,NonFight,8SWZq5we_fk,150,0,1.66,1.0,4.0,0.6939862644856343,0.8251293445261946,0.01872491545524356,352.782077382838,139.59677047735224,824.4398108931991,43.24406779661017,150.0,4.174407179498563,30.433206627171092,2.0118539489649416,20.830482140732684,0.5266666666666666,0.0,0.006666666666666667,0.0,0.134635
train/Train_NonFight/8SWZq5we_fk_1.avi,NonFight,8SWZq5we_fk,150,0,2.4066666666666667,2.0,5.0,0.5147728536303512,0.5723048471766392,0.013375062505239085,360.63195276706034,248.0074453982255,804.5088457072023,27.457438934122873,150.0,4.371674726276883,82.04918561546128,2.4474248247113897,64.43012862567885,0.7666666666666667,0.0,0.03333333333333333,0.02,0.069715
train/Train_NonFight/8SWZq5we_fk_2.avi,NonFight,8SWZq5we_fk,150,52,0.7266666666666667,1.0,2.0,0.09445886784326679,0.0869542656780872,0.06450966717520976,135.91212520427382,143.60738744852247,189.12856424778477,48.43146603098927,150.0,6.820627555250036,30.55424320019679,3.514777542761928,25.92654943703019,0.03333333333333333,0.0,0.0,0.006666666666666667,0.270183
train/Train_NonFight/8U6x0VMW_0.avi,NonFight,8U6x0VMW,150,60,2.2733333333333334,3.0,8.0,0.29676132137839456,0.29424062917979504,0.04807613569264831,70.40238430098697,68.25482250985232,89.15918005715763,35.16279069767442,90.0,0.6783951364220706,9.924900351561304,0.44435516212676235,8.797908302360772,0.5733333333333334,0.04666666666666667,0.02,0.05333333333333334,0.407619
train/Train_NonFight/9F6pZn73_0.avi,NonFight,9F6pZn73,150,0,3.5533333333333332,4.0,4.0,0.1803876155351582,0.1605265399423324,0.07686494334033091,117.58154178978454,118.24138119120302,120.41500409208825,44.86303939962477,144.0,0.6611379014603149,7.311654810991327,0.5801119828327348,6.964813729182618,0.9733333333333334,0.0,0.02666666666666667,0.12,0.001701
train/Train_NonFight/9GFNxpur_0.avi,NonFight,9GFNxpur,150,5,0.9666666666666667,1.0,1.0,,,,30.27090135332649,29.766285903772324,40.53581619477065,65.37972166998011,150.0,1.2346676022466716,3.288880411791624,0.5930081453764713,2.388927588874643,0.94,0.0,0.0,0.0,0.015488
train/Train_NonFight/9Jss3rP1_0.avi,NonFight,9Jss3rP1,150,119,0.21333333333333335,0.0,2.0,0.1200860486216798,0.1200860486216798,0.1200860486216798,94.06531663219695,99.23862755243353,123.64331914140588,39.709234828496044,150.0,2.20604991927025,15.993887588842176,2.311607167067877,15.465084337632623,0.13333333333333333,0.02666666666666667,0.0,0.0,0.023065
train/Train_NonFight/Ae3RYgGF_0.avi,NonFight,Ae3RYgGF,150,150,0.0,0.0,0.0,,,,,,,20.818181818181817,47.0,,,,,0.0,0.0,0.0,0.0,0.011349
train/Train_NonFight/B3UdlWcs_0.avi,NonFight,B3UdlWcs,150,0,8.813333333333333,9.0,13.0,0.32768078914100945,0.28057007555907965,0.024655810502863904,290.8381272089133,302.1823457586022,325.4089928458948,48.144968617128974,150.0,1.5979887049804749,24.840809980794404,0.9646277024503204,19.65594799840912,0.9733333333333334,0.05333333333333334,0.006666666666666667,0.32666666666666666,0.000537
train/Train_NonFight/BEoVUtDm_0.avi,NonFight,BEoVUtDm,150,0,1.0466666666666666,1.0,2.0,0.7095423889839706,0.7073613780555237,0.7057339282790779,150.35617583661954,141.47779911125087,331.6298771319779,43.6275720164609,150.0,0.8213629128517749,5.250865391311233,0.631083587975301,5.209117322128068,0.9733333333333334,0.006666666666666667,0.0,0.0,0.008056
train/Train_NonFight/BKtajPcB_0.avi,NonFight,BKtajPcB,150,0,1.8533333333333333,2.0,3.0,0.6459308851838335,0.6722575776746257,0.024053530512591216,156.93670405392885,172.01196293487328,258.1319835464546,47.86710239651416,135.0,0.5552977155582802,5.4882741697272515,0.5415563725790041,5.4805010025659735,0.9466666666666667,0.013333333333333334,0.006666666666666667,0.006666666666666667,0.001194
train/Train_NonFight/BOLcNZ5O_0.avi,NonFight,BOLcNZ5O,150,6,1.52,2.0,3.0,0.5248430749958999,0.5334798194354671,0.25438275683913536,132.92447747193202,164.69714355365355,208.46081710933478,43.37299465240642,109.0,0.5060334346437292,7.849045300511729,0.3146305437471564,7.12369130029891,0.86,0.02,0.0,0.0,0.076259
train/Train_NonFight/DThokDTW_0.avi,NonFight,DThokDTW,150,0,2.5,2.0,5.0,0.473106985950939,0.5771156248160837,0.03676512308634711,264.6330289655794,287.1205772513546,337.1338691219034,22.760802469135804,127.0,3.5489955030210103,42.733039154588944,2.1920598597305303,35.85415304631642,0.9,0.03333333333333333,0.03333333333333333,0.04666666666666667,0.015058
train/Train_NonFight/DX5wwFlF_0.avi,NonFight,DX5wwFlF,150,0,5.68,5.0,7.0,0.3749509468255802,0.3423155774809887,0.0867108262095453,252.03506646939067,241.59885583645,336.069835041241,37.59055118110236,150.0,0.5431371000341081,10.334503550678182,0.5288404300475594,10.33448829188912,0.9733333333333334,0.04666666666666667,0.006666666666666667,0.06,0.023035
train/Train_NonFight/DrKgJwIv_0.avi,NonFight,DrKgJwIv,150,0,2.1066666666666665,2.0,3.0,0.7896373174419008,0.8667479555577757,0.38300172023970297,256.2180029508213,255.22975351437617,262.81971630737166,66.00907911802854,150.0,0.24758028206942428,2.90134643092825,0.16207293473896756,2.1747836405222225,0.9733333333333334,0.013333333333333334,0.013333333333333334,0.0,0.0004
train/Train_NonFight/EckGCByW_0.avi,NonFight,EckGCByW,150,0,10.88,11.0,13.0,0.35997761399780226,0.33762996395809014,0.018931101639738757,356.13583300367594,358.2187062479335,366.43695410948175,43.6404,150.0,0.3868149400081175,29.90973189268038,0.36529644655584226,29.71431509745999,0.9733333333333334,0.02666666666666667,0.006666666666666667,0.12666666666666668,1e-06
train/Train_NonFight/F7W6PQ3V3y8_0.avi,NonFight,F7W6PQ3V3y8,150,0,3.013333333333333,3.0,4.0,0.4562866307361304,0.534435530461898,0.14305219912927628,526.0848133814587,523.8584075906226,572.6557887571298,40.85053037608486,150.0,0.5937906251979043,7.20795535555438,0.3875098847836469,5.644718407377901,0.9733333333333334,0.0,0.006666666666666667,0.006666666666666667,0.001363
train/Train_NonFight/F7W6PQ3V3y8_1.avi,NonFight,F7W6PQ3V3y8,150,0,3.0,3.0,3.0,0.4522436538981454,0.5332378567875316,0.12223668277519166,525.4090257683456,528.8070276606538,532.206240726808,43.052871467639015,150.0,0.6361850147618964,5.242957825729082,0.40121867660221106,3.4720633232902953,0.9733333333333334,0.0,0.006666666666666667,0.006666666666666667,0.001505
train/Train_NonFight/F7W6PQ3V3y8_2.avi,NonFight,F7W6PQ3V3y8,150,0,3.006666666666667,3.0,4.0,0.39304166820278386,0.38419495403733794,0.1289871962419109,409.6839898467663,399.26627421363673,569.3312083218033,18.14431934493347,91.0,1.9417159815944334,10.934109052544994,0.8907159755655629,10.582752894157242,0.9733333333333334,0.0,0.006666666666666667,0.013333333333333334,0.002358
train/Train_NonFight/F7W6PQ3V3y8_3.avi,NonFight,F7W6PQ3V3y8,150,150,0.0,0.0,0.0,,,,,,,64.52542372881356,150.0,,,,,0.0,0.0,0.0,0.0,0.012917
train/Train_NonFight/FSaZ8wiFw8Q_0.avi,NonFight,FSaZ8wiFw8Q,150,0,2.68,3.0,4.0,0.39264835348650134,0.39783153614571165,0.052949492636898875,735.1920927576092,748.7088565500148,852.3148860902522,7.20722891566265,74.0,11.68593019991777,148.1927760255949,8.752898514399885,134.744898087302,0.18,0.0,0.04,0.05333333333333334,0.858762
train/Train_NonFight/Fn4sSVbO_0.avi,NonFight,Fn4sSVbO,150,0,1.28,1.0,3.0,0.4535005658690255,0.5832323105441117,0.02872119031524571,99.12067787730946,87.98213055397528,173.00087121602573,19.295348837209303,80.0,0.8844459757954033,9.406410518753157,0.886836010077334,9.307230251188667,0.7066666666666667,0.013333333333333334,0.006666666666666667,0.006666666666666667,0.001988
train/Train_NonFight/GgT095uX_0.avi,NonFight,GgT095uX,150,0,2.28,2.0,4.0,0.42188517677219634,0.42469103385733453,0.10810467132080298,129.93239791900376,121.19665681187804,241.10582569820235,58.490694507489785,150.0,0.6195296206461629,5.44151477996645,0.5119726476123883,5.394069335236621,0.9733333333333334,0.02,0.02666666666666667,0.03333333333333333,0.000111
train/Train_NonFight/Gr3ikl6A2bE_0.avi,NonFight,Gr3ikl6A2bE,150,52,2.1066666666666665,3.0,5.0,0.5835848655542157,0.52020932214145,0.020209955042557258,614.7611995399383,616.9570801601374,799.1328551779595,28.56489945155393,98.0,4.073562492837264,27.628188217757508,3.220945715250257,27.603154798907948,0.5733333333333334,0.0,0.03333333333333333,0.006666666666666667,0.109897
train/Train_NonFight/HbfZYAXw_0.avi,NonFight,HbfZYAXw,150,0,5.233333333333333,5.0,7.0,0.3472272662835712,0.32071622504460984,0.0303518664244225,302.302535046366,303.895070205412,305.78902488713425,49.88912429378531,150.0,1.2947387637493968,20.018520024232114,0.7346370806799042,15.393146918697669,0.9733333333333334,0.03333333333333333,0.006666666666666667,0.07333333333333333,6.3e-05
train/Train_NonFight/JPIeYvRgo6I_0.avi,NonFight,JPIeYvRgo6I,150,129,0.15333333333333332,0.0,2.0,0.27643624063271677,0.27643624063271677,0.07201193357976943,69.64864138240003,68.71212940273574,127.47417925777683,26.467025572005383,117.0,3.544338773066725,10.428509353234722,1.9126029711442993,6.9459344964876655,0.013333333333333334,0.0,0.0,0.0,0.402738
train/Train_NonFight/JPIeYvRgo6I_1.avi,NonFight,JPIeYvRgo6I,150,115,0.32,0.0,3.0,0.3079820316738722,0.14271858900996648,0.04294162335217645,108.09382730792876,75.11209003542673,364.6606175535703,18.697916666666668,110.0,6.352553450955086,17.393379241143066,3.9554909894713113,14.506212587054089,0.006666666666666667,0.0,0.0,0.0,0.276608
train/Train_NonFight/JPIeYvRgo6I_2.avi,NonFight,JPIeYvRgo6I,150,150,0.0,0.0,0.0,,,,,,,26.14864864864865,136.0,,,,,0.0,0.0,0.0,0.0,0.368044
train/Train_NonFight/JwfajujK_0.avi,NonFight,JwfajujK,150,0,3.013333333333333,3.0,6.0,0.3197412774753751,0.28302213780899166,0.01331678308536386,78.47863448230076,76.00514866706857,182.15953218284088,50.34892787524367,150.0,0.9225818697135683,7.864751235157756,0.8331800267314969,6.595845533714617,0.9733333333333334,0.07333333333333333,0.03333333333333333,0.1,0.000281
train/Train_NonFight/KDOVTf7T_0.avi,NonFight,KDOVTf7T,150,125,0.19333333333333333,0.0,3.0,0.5159343580249279,0.8379795209718355,0.01388828188541407,34.57919534488692,27.95407184576346,110.20479598758574,4.379061371841155,25.0,0.3874598260549572,1.3380503496703373,0.2503597086549383,0.8299820892477046,0.11333333333333333,0.0,0.0,0.0,0.143885
train/Train_NonFight/Km94kW0O_0.avi,NonFight,Km94kW0O,150,0,2.1866666666666665,2.0,5.0,0.35125805096610996,0.333700565110344,0.028720969422181476,94.66813981532351,71.97343182521607,178.29742337024894,39.535714285714285,140.0,1.2409906226115925,11.765220605783094,0.5377172422385168,10.14738854809138,0.9733333333333334,0.06,0.04,0.02,2.2e-05
train/Train_NonFight/MhVfgPWz_0.avi,NonFight,MhVfgPWz,150,0,6.833333333333333,7.0,8.0,0.35876980059455704,0.3073443171820414,0.02174513780625625,348.5084966690703,352.58145638745236,354.8217143723293,51.25675675675676,150.0,0.7969669322150493,19.120593102888442,0.6229539890726928,18.505683273336967,0.9733333333333334,0.02,0.006666666666666667,0.08,1.8e-05
train/Train_NonFight/NxtwlqSnLbY_0.avi,NonFight,NxtwlqSnLbY,150,0,1.8466666666666667,2.0,3.0,0.5628620799109834,0.5654443086850652,0.03742340776119515,317.59984382855674,336.2771722594495,388.4451974158035,15.96676737160121,98.0,2.5642106644903833,17.520359182044963,2.0583977334065375,14.891735824246284,0.6533333333333333,0.0,0.0,0.0,0.02298
train/Train_NonFight/NxtwlqSnLbY_1.avi,NonFight,NxtwlqSnLbY,150,28,0.8533333333333334,1.0,2.0,0.11063954625595167,0.10195193534304117,0.07892464030283096,170.62080180095552,169.00154898023948,199.406168973209,27.1,110.0,2.8351233776468665,14.910019835765228,1.916970105674286,12.020251670804216,0.32666666666666666,0.013333333333333334,0.0,0.013333333333333334,0.034193
train/Train_NonFight/OFwYyouR_0.avi,NonFight,OFwYyouR,150,0,1.7333333333333334,2.0,3.0,0.3240740731937873,0.3272718566838815,0.048472929227855774,156.27926867762895,152.80004069950513,196.37193445272175,24.309701492537314,90.0,1.5069078933936852,35.99991403353026,0.8565658690142067,18.88375130645827,0.9533333333333334,0.0,0.006666666666666667,0.006666666666666667,0.023876
train/Train_NonFight/OznqyUJq_0.avi,NonFight,OznqyUJq,150,148,0.013333333333333334,0.0,1.0,,,,17.951315731120125,17.951315731120125,17.963666710691765,20.35545385202136,149.0,,,,,0.0,0.006666666666666667,0.0,0.0,0.010362
train/Train_NonFight/QzNWGaQi_0.avi,NonFight,QzNWGaQi,150,82,0.4533333333333333,0.0,1.0,,,,23.04330242461788,23.77868912116458,26.48312299250036,26.54639175257732,91.0,0.8811125197999737,4.659750609554223,0.4376873614771933,3.6303942493372583,0.36,0.02,0.0,0.0,0.005256
train/Train_NonFight/R1A_AxUKosk_0.avi,NonFight,R1A_AxUKosk,150,77,0.84,0.0,5.0,0.39132781493563695,0.3660419124346375,0.02685301706193576,266.1987412531256,259.79887693226317,467.37503922541737,8.628158844765343,53.0,9.256107906344846,58.8263183283338,6.183899232363904,43.876696386463635,0.006666666666666667,0.04666666666666667,0.006666666666666667,0.006666666666666667,0.930142
train/Train_NonFight/R1A_AxUKosk_1.avi,NonFight,R1A_AxUKosk,150,33,1.7266666666666666,2.0,5.0,0.4006591187973275,0.41875079063201026,0.03826711314209008,345.47700817035076,338.4429575951011,577.7519645356037,2.7567567567567566,23.0,8.521933904367607,67.0360283076006,5.650324964247589,59.49748839539277,0.30666666666666664,0.006666666666666667,0.04,0.013333333333333334,0.847444
train/Train_NonFight/RfqBhe5z_0.avi,NonFight,RfqBhe5z,150,0,3.18,3.0,4.0,0.4536518681840256,0.4727195599842725,0.047304224810953845,186.676366314838,187.5478335640837,233.68590836876362,35.43670348343245,150.0,1.412215440979565,12.123061921199946,0.7034897805272846,9.89345642852794,0.9733333333333334,0.02666666666666667,0.006666666666666667,0.03333333333333333,0.009378
train/Train_NonFight/SCnBiAteLVI_0.avi,NonFight,SCnBiAteLVI,150,122,0.18666666666666668,0.0,1.0,,,,35.01617092818363,34.81274445817135,36.77194837148584,65.01724137931035,150.0,0.3303057343640801,1.7521869825520118,0.20963369083222919,1.6892366387232611,0.13333333333333333,0.0,0.0,0.0,0.181272
train/Train_NonFight/SCnBiAteLVI_1.avi,NonFight,SCnBiAteLVI,150,0,2.1733333333333333,2.0,3.0,0.59887114747328,0.5982577593471097,0.027313565370067277,256.0897873250722,245.13669005364667,367.0956723578751,53.74369369369369,150.0,1.124206412307767,15.067283361176834,0.5894441584742768,13.103669676707243,0.9733333333333334,0.013333333333333334,0.013333333333333334,0.0,0.10649
train/Train_NonFight/SCnBiAteLVI_2.avi,NonFight,SCnBiAteLVI,150,0,1.46,1.0,3.0,0.5506762415819058,0.6299639950267926,0.08267501196987297,241.91168220280179,210.73574274280213,402.51384595337396,18.93329688354292,74.0,5.609803963451077,76.58120763707241,2.889870705462792,42.20414075618482,0.38666666666666666,0.0,0.006666666666666667,0.006666666666666667,0.22148
train/Train_NonFight/THqDidIr4Xs_0.avi,NonFight,THqDidIr4Xs,150,0,2.973333333333333,3.0,5.0,0.37397286466099466,0.3757302027817063,0.03159162438642247,263.4780422387982,282.1405503557567,397.86579482535217,9.228356336260978,69.0,4.070481174845264,46.711157987608466,1.9805834371029685,38.42238472145492,0.8133333333333334,0.04,0.05333333333333334,0.06666666666666667,0.007438
train/Train_NonFight/THqDidIr4Xs_1.avi,NonFight,THqDidIr4Xs,150,94,0.44666666666666666,0.0,2.0,0.29579608024002363,0.28413501280088643,0.2721735186968723,118.44580007841101,114.64982831628669,142.12649428203102,15.885135135135135,96.0,2.5886427318113645,13.611799289723795,1.0153687737543429,12.369436363707276,0.3333333333333333,0.0,0.0,0.0,0.02331
train/Train_NonFight/TfDHgxDm_0.avi,NonFight,TfDHgxDm,150,0,11.0,11.0,14.0,0.3716894944631795,0.33659964596562875,0.005092720345766123,351.78791344925924,355.89688455367957,367.1054985227039,29.830003632401016,150.0,2.1883670537594626,39.37550194629226,1.4215139538569785,39.22525657746986,0.9733333333333334,0.07333333333333333,0.006666666666666667,0.34,0.000159
train/Train_NonFight/UIsigi4O-sI_0.avi,NonFight,UIsigi4O-sI,150,3,1.3466666666666667,1.0,2.0,0.15009797168522196,0.130916653679458,0.08230630200455376,784.7073116838823,802.5982547299948,888.3980337911869,5.783673469387755,42.0,9.222692695778273,74.0500901015107,8.657205124821763,70.09143159622148,0.2,0.0,0.0,0.04,0.68254
train/Train_NonFight/UIsigi4O-sI_1.avi,NonFight,UIsigi4O-sI,150,0,2.22,2.0,4.0,0.3303466902246483,0.2904150661348692,0.061122168415820986,1052.6292524416567,1083.8097837499936,1232.3663339937707,2.125,10.0,10.311338540575617,223.55682219667716,8.071243611211441,199.6880432929514,0.21333333333333335,0.0,0.04,0.02,0.620297
train/Train_NonFight/UvLAudRA91Y_0.avi,NonFight,UvLAudRA91Y,150,0,4.8,5.0,7.0,0.36747535824876426,0.39397709331858816,0.017681620364301206,614.8921208385739,612.6889219840923,676.7736577386828,24.37617554858934,142.0,4.297378012505108,70.68888961179623,1.9673950098735165,50.574547862005936,0.9533333333333334,0.0,0.006666666666666667,0.08666666666666667,0.012695
train/Train_NonFight/UvLAudRA91Y_1.avi,NonFight,UvLAudRA91Y,150,0,6.126666666666667,6.0,8.0,0.34655633649980694,0.29412853621268653,0.017312164291378985,893.7677982284567,894.5264055880098,1101.9812257828794,48.55322230267922,150.0,1.9351640552274059,31.184570441151248,0.9241296627721673,26.507505355076947,0.9733333333333334,0.0,0.006666666666666667,0.02666666666666667,0.004981
train/Train_NonFight/UvLAudRA91Y_2.avi,NonFight,UvLAudRA91Y,150,0,12.16,12.0,14.0,0.2737250477993576,0.2277487119986003,0.004934250287513999,1219.9651818714146,1206.7843878103683,1304.8458625783696,30.91757779646762,150.0,3.1972714206313473,55.306977160780036,1.5425890461861795,53.294967711054554,0.9733333333333334,0.0,0.006666666666666667,0.25333333333333335,0.003691
train/Train_NonFight/VXLdrn0b_0.avi,NonFight,VXLdrn0b,150,0,3.9066666666666667,4.0,6.0,0.3859360113773837,0.2641177972383601,0.01200221756938254,120.91981848291165,103.96586672783218,259.45932076781196,48.76652601969057,150.0,1.052853100177734,12.278341812396512,0.5334077231315373,8.905662907491324,0.9733333333333334,0.04666666666666667,0.013333333333333334,0.06,0.004831
train/Train_NonFight/WCHYnPMG_0.avi,NonFight,WCHYnPMG,150,0,5.493333333333333,6.0,9.0,0.47523868631002547,0.4624330209929311,0.0019454911257645823,254.93635776196848,243.8300819141408,363.8560675200565,32.760613207547166,150.0,0.8628821913117126,21.102155660261786,0.8409741139902975,21.101123737056955,0.9733333333333334,0.06666666666666667,0.013333333333333334,0.13333333333333333,0.008838
train/Train_NonFight/X3mPJLe9_0.avi,NonFight,X3mPJLe9,150,0,1.96,2.0,3.0,0.3520770222268203,0.3544880892855911,0.08349158141653229,218.38920932807122,218.86583773107088,242.92270819627947,25.846491228070175,143.0,1.6054022496975453,15.144414841911978,0.9408195343114054,13.581115361692019,0.9533333333333334,0.013333333333333334,0.0,0.0,0.001574
train/Train_NonFight/XQR0CvyY_0.avi,NonFight,XQR0CvyY,150,0,1.0066666666666666,1.0,2.0,0.373823747329034,0.373823747329034,0.373823747329034,112.30901627133828,109.45431813859022,133.51849744484753,46.73894436519258,132.0,1.8779535047038471,6.58101874060143,0.8544393720871714,5.383434266317488,0.8266666666666667,0.013333333333333334,0.0,0.0,0.00095
train/Train_NonFight/XQR0CvyY_1.avi,NonFight,XQR0CvyY,150,0,1.5533333333333332,1.0,4.0,0.47859085633201054,0.5430638020005936,0.06284436006960759,188.9028406017405,150.0763425256036,335.7492105192561,37.13239875389408,132.0,2.976063727456035,14.717311558880986,2.227293924781098,14.538436269846466,0.31333333333333335,0.02666666666666667,0.006666666666666667,0.013333333333333334,0.004373
train/Train_NonFight/Y1y9Gxs6_0.avi,NonFight,Y1y9Gxs6,150,150,0.0,0.0,0.0,,,,,,,64.39811542991755,150.0,,,,,0.0,0.0,0.0,0.0,0.011522
train/Train_NonFight/YJvuxdWs_0.avi,NonFight,YJvuxdWs,150,83,0.48,0.0,2.0,0.06112197597549759,0.06692618161355185,0.044271257249313196,16.676397639074327,16.83246160708232,20.711670513539005,69.41696322657177,150.0,0.853375007025988,2.0596130653600904,0.353487069218339,1.4053831513824055,0.31333333333333335,0.03333333333333333,0.0,0.006666666666666667,0.001121
train/Train_NonFight/Yw7Ip3VS_0.avi,NonFight,Yw7Ip3VS,150,142,0.05333333333333334,0.0,1.0,,,,25.571347976699204,26.62183757421835,28.3943569581695,60.16143264988321,150.0,2.7004262235412666,3.382467570467315,,,0.0,0.02666666666666667,0.0,0.0,0.017654
train/Train_NonFight/a39igxDY_0.avi,NonFight,a39igxDY,150,150,0.0,0.0,0.0,,,,,,,1.3333333333333333,2.0,,,,,0.0,0.0,0.0,0.0,0.007704
train/Train_NonFight/aRvWjteA_0.avi,NonFight,aRvWjteA,150,0,3.6533333333333333,4.0,6.0,0.434775865503848,0.4780481061029298,0.04678127995691813,234.50121921843566,235.23959715982045,368.9444799154532,43.55255813953488,150.0,0.9639470882352076,39.839063241198374,0.5340217210968178,7.706666661684279,0.9733333333333334,0.02,0.03333333333333333,0.06666666666666667,0.000137
train/Train_NonFight/aoFX2ZCB_0.avi,NonFight,aoFX2ZCB,150,62,0.5933333333333334,1.0,2.0,0.09875121366089576,0.09875121366089576,0.09875121366089576,100.68687713713717,99.75346914817443,108.87787779003868,6.764705882352941,23.0,2.1098308692655263,10.05263143838634,1.5422246602250684,7.127229128326967,0.3,0.013333333333333334,0.0,0.0,0.026744
train/Train_NonFight/cLsPLNQn_0.avi,NonFight,cLsPLNQn,150,45,0.8533333333333334,1.0,3.0,0.4611851137286341,0.3378485413954308,0.09473821833828673,35.35089606113634,33.701309376317006,110.34172391760168,40.726950354609926,119.0,0.3894157143964239,3.134200901824821,0.2621870399251297,2.518020952718122,0.6133333333333333,0.0,0.0,0.0,0.010996
train/Train_NonFight/cqP8OyUh_0.avi,NonFight,cqP8OyUh,150,0,9.326666666666666,9.0,15.0,0.3200577015173152,0.27798357213462166,0.007920671214942518,285.8536908476468,283.81409188924977,327.36526617826223,24.340873224618623,150.0,1.538442616308679,29.45031508101304,1.0513950238524166,29.274559938642792,0.9733333333333334,0.11333333333333333,0.006666666666666667,0.3,0.001081
train/Train_NonFight/dkTzP0SB_0.avi,NonFight,dkTzP0SB,150,0,4.233333333333333,4.0,7.0,0.3806620673394839,0.3506495787458008,0.011354746639576169,251.18261183586088,263.6342073213458,277.2726785469554,16.317251461988302,72.0,2.0642596706455407,31.182830757851136,1.2742568835748853,28.660933266924864,0.94,0.03333333333333333,0.02666666666666667,0.06,0.001915
train/Train_NonFight/dt8YUGoOSgQ_0.avi,NonFight,dt8YUGoOSgQ,150,0,3.006666666666667,3.0,4.0,0.40731865401503836,0.3951118345546615,0.14420809801013723,955.6868906351032,974.3513523044021,1023.5221928790506,3.0528541226215644,22.0,4.489235679625713,48.15930555922309,3.625960285286599,43.6879784768687,0.5666666666666667,0.0,0.04,0.013333333333333334,0.057231
train/Train_NonFight/dt8YUGoOSgQ_1.avi,NonFight,dt8YUGoOSgQ,150,0,2.62,3.0,5.0,0.38433587733242364,0.43676665522360475,0.05525692967783234,852.0158902947014,853.6661134659405,1018.7409795077737,3.477434679334917,30.0,5.736812691762467,113.37804376430192,4.394332741446759,108.42086985096917,0.47333333333333333,0.0,0.04,0.05333333333333334,0.112082
train/Train_NonFight/e4U3gEDEB58_0.avi,NonFight,e4U3gEDEB58,150,0,2.3066666666666666,2.0,6.0,0.2966009994850181,0.2727174849045998,0.021644243070802146,265.739024201542,273.4866173784422,371.9258265258752,2.7616707616707616,19.0,5.287113607977935,47.80033632634293,4.675921541779824,47.56611783433377,0.38666666666666666,0.0,0.06,0.07333333333333333,0.112473
train/Train_NonFight/e7tarNsO_0.avi,NonFight,e7tarNsO,150,0,2.026666666666667,2.0,3.0,0.5948289196025439,0.6057348118085819,0.04328648934905169,277.93411809212967,273.6441877468469,299.7992468437371,60.27654867256637,150.0,0.6171912145315099,8.302665198621982,0.3531133291725359,5.842759894476246,0.9733333333333334,0.013333333333333334,0.006666666666666667,0.006666666666666667,0.0008
train/Train_NonFight/f9jcrHqO_0.avi,NonFight,f9jcrHqO,150,45,2.026666666666667,2.0,6.0,0.30614986791682525,0.27494376078094485,0.012445862476480395,121.07356866163872,112.09320067728451,185.23238813117464,26.206798866855525,84.0,1.3120093708290943,7.722181594168505,0.5563145800377732,3.6400665510467416,0.64,0.03333333333333333,0.006666666666666667,0.013333333333333334,0.126864
train/Train_NonFight/fJMvC8TV_0.avi,NonFight,fJMvC8TV,150,0,4.9,5.0,7.0,0.38251189269898955,0.36118079020023,0.017672981012195235,158.28055581320228,148.33476457835235,253.59948582984424,27.52227722772277,129.0,1.014024000061085,16.17574222243355,0.7241828762057989,11.750023502829748,0.9733333333333334,0.03333333333333333,0.006666666666666667,0.09333333333333334,0.020382
train/Train_NonFight/fJkWWpNB_0.avi,NonFight,fJkWWpNB,150,0,6.226666666666667,6.0,9.0,0.35953894395572006,0.27587909027697655,0.019199362496245626,221.62996212112174,219.40455799708863,335.4699565184692,41.625092250922506,150.0,1.3795170199874827,22.66312156229005,0.6420400851409217,12.258448137620531,0.9733333333333334,0.09333333333333334,0.006666666666666667,0.24,0.000122
train/Train_NonFight/gSmdNZya_0.avi,NonFight,gSmdNZya,150,5,1.64,2.0,3.0,0.5790784732584481,0.6446682432076205,0.052302197174028744,109.2849988128887,109.27808847832502,311.60537709196353,35.30328738069989,150.0,2.9050026420418433,25.956969578449417,1.6684982861719413,16.481227668518542,0.6666666666666666,0.02666666666666667,0.0,0.0,0.026971
train/Train_NonFight/gk0v57Xn_0.avi,NonFight,gk0v57Xn,150,0,2.38,2.0,4.0,0.6096951026655505,0.7299654642648135,0.01597110336976841,95.60074462515365,109.9145527807581,123.63454335494642,54.887027491408936,150.0,0.6240272011006116,6.780482788736333,0.38558271276718253,6.259441648782229,0.9733333333333334,0.04666666666666667,0.03333333333333333,0.006666666666666667,0.003085
train/Train_NonFight/gzozjcrr_0.avi,NonFight,gzozjcrr,150,0,2.8866666666666667,3.0,4.0,0.4994270526410331,0.5578696655469364,0.2242416001348951,161.76989890595354,182.57928963104445,294.05091903693994,50.325209444021326,150.0,0.6064130930382676,6.570041258822929,0.44730737008772337,5.711154899373641,0.9733333333333334,0.02,0.04,0.0,0.000536
train/Train_NonFight/hrBh5x_3hW0_0.avi,NonFight,hrBh5x_3hW0,150,0,1.3333333333333333,1.0,3.0,0.5973901316370502,0.6033044188503691,0.06962125801734122,351.2074161158023,311.054345392679,656.4882633345327,0.8532423208191127,7.0,8.232281923525415,37.54213325766641,4.83202667526414,34.199473016815325,0.04,0.0,0.0,0.0,0.346136
train/Train_NonFight/hrBh5x_3hW0_1.avi,NonFight,hrBh5x_3hW0,150,0,1.8466666666666667,2.0,2.0,0.6495498530811789,0.6359294857701401,0.591559228586055,489.2258065114331,506.91266574067015,753.5156670435517,2.4444444444444446,19.0,4.0528825612582855,32.969625108695595,3.8188745806135147,32.68116508068168,0.24,0.0,0.0,0.0,0.049865
train/Train_NonFight/jgjAKGZW_0.avi,NonFight,jgjAKGZW,150,65,0.5733333333333334,1.0,2.0,0.1357861304210544,0.1357861304210544,0.1357861304210544,21.948406054383472,22.082433497491678,23.973338090322777,12.47085201793722,56.0,1.007076748285651,4.3683545119916785,0.4393334943403383,3.124070890753772,0.4533333333333333,0.0,0.0,0.0,0.005052
train/Train_NonFight/kOp57sQKMPY_0.avi,NonFight,kOp57sQKMPY,150,43,0.72,1.0,2.0,0.7164865399279311,0.7164865399279311,0.7164865399279311,264.6306326257493,247.41190389628787,613.9326438938832,49.488,150.0,9.369413004931351,32.43077683912352,2.9044154728938136,22.86320348294913,0.02666666666666667,0.0,0.0,0.0,0.062801
train/Train_NonFight/kOp57sQKMPY_1.avi,NonFight,kOp57sQKMPY,150,110,0.28,0.0,2.0,0.06646318957935628,0.06646318957935628,0.057735330616250274,166.99458329655198,171.86260828315454,201.80583525114372,68.87573964497041,150.0,6.464726117953068,29.68038608248025,3.79421325302233,16.13687195934975,0.07333333333333333,0.0,0.0,0.0,0.113113
train/Train_NonFight/kOp57sQKMPY_2.avi,NonFight,kOp57sQKMPY,150,111,0.26,0.0,1.0,,,,217.38832503963232,219.17673884229407,233.18168910707524,47.50171037628278,150.0,3.2907705875738578,18.993779646304343,1.9080605318296657,17.19739105183166,0.13333333333333333,0.0,0.0,0.0,0.087254
train/Train_NonFight/mE9Cp4na_0.avi,NonFight,mE9Cp4na,150,0,1.6733333333333333,2.0,3.0,0.48806467117948243,0.4986468720626136,0.29871709733665247,130.11898008313435,141.11938321111177,159.36747230602748,62.42884071630537,150.0,0.4721626228937314,3.8606324538932215,0.3005401365795314,2.7129964137121654,0.9733333333333334,0.02666666666666667,0.0,0.0,0.012231
train/Train_NonFight/mVAv7aB5_0.avi,NonFight,mVAv7aB5,150,0,7.466666666666667,8.0,10.0,0.3959513148399918,0.3860201161987111,0.006273120538724571,215.79269860110574,222.74700417999154,255.74591132489238,20.929868503443956,135.0,1.180506051007485,7.61220033652885,1.056205383733152,7.441204338702868,0.9733333333333334,0.1,0.006666666666666667,0.19333333333333333,0.000452
train/Train_NonFight/o8sEvktx_0.avi,NonFight,o8sEvktx,150,145,0.03333333333333333,0.0,1.0,,,,20.95578052444255,20.905763246328746,21.2154280882272,53.67167381974249,145.0,0.182872010023722,0.33473974497102066,0.2019535745662,0.28650345132476535,0.006666666666666667,0.006666666666666667,0.0,0.0,0.032018
train/Train_NonFight/q78eIX56_0.avi,NonFight,q78eIX56,150,0,1.2866666666666666,1.0,3.0,0.7093823145697012,0.7374911262034003,0.05914596456433164,170.4963806605686,134.30515095236404,291.0057331558965,11.978260869565217,57.0,1.9067297430992018,21.18994691801436,1.4537573685797103,21.020939489556504,0.7266666666666667,0.04,0.0,0.0,0.001499
train/Train_NonFight/r8PX3ZJ1_II_0.avi,NonFight,r8PX3ZJ1_II,150,4,2.46,3.0,3.0,0.49504331567220183,0.7248888796508106,0.013095044583249433,1069.473769428668,1233.2334882628215,1328.3815412010786,40.41875825627477,104.0,3.3892148315093897,95.96132124443197,2.303977911105438,88.0449809402906,0.6666666666666666,0.0,0.013333333333333334,0.02,0.228603
train/Train_NonFight/s2S2nIWk_0.avi,NonFight,s2S2nIWk,150,0,2.72,3.0,5.0,0.5112355087675192,0.5231437514917925,0.018212444308127018,140.9665600055057,121.6080926790863,236.2091974326671,41.672776646300065,150.0,0.8619266446915859,10.84368766143563,0.38498202290392197,9.058374619290488,0.9733333333333334,0.06666666666666667,0.03333333333333333,0.04666666666666667,0.006987
train/Train_NonFight/tIHY2ZFQ_0.avi,NonFight,tIHY2ZFQ,150,90,0.4066666666666667,0.0,2.0,0.12363763718673347,0.12363763718673347,0.12363763718673347,151.93023336531184,153.56620588397112,157.12270807964683,50.06073446327684,150.0,4.912501196274055,36.03740160922962,1.6906117048420028,9.850576562022498,0.16666666666666666,0.0,0.0,0.0,0.000664
train/Train_NonFight/uEzFjs3X_0.avi,NonFight,uEzFjs3X,150,150,0.0,0.0,0.0,,,,,,,49.01215805471124,150.0,,,,,0.0,0.0,0.0,0.0,0.024879
train/Train_NonFight/uXf4C-YwbtM_0.avi,NonFight,uXf4C-YwbtM,150,0,4.16,4.0,8.0,0.42403763347427037,0.44663011140000697,0.02662394887829455,913.0970860173987,909.8329007146077,1418.6401161266408,5.958412098298677,55.0,8.40085000159563,218.20421222126058,4.72123118941897,175.0471583068128,0.8,0.0,0.02,0.09333333333333334,0.030558
train/Train_NonFight/uXf4C-YwbtM_1.avi,NonFight,uXf4C-YwbtM,150,0,3.6,4.0,5.0,0.40246127124811615,0.3367761468953026,0.037932670658590885,965.474712256318,897.1372647792587,1143.2183142164893,23.66369930761622,150.0,6.338503824343538,137.4780546014193,5.409831327506183,133.33971743913392,0.9133333333333333,0.0,0.006666666666666667,0.04666666666666667,0.002552
train/Train_NonFight/uhTalZ00_0.avi,NonFight,uhTalZ00,150,150,0.0,0.0,0.0,,,,,,,2.8647887323943664,31.0,,,,,0.0,0.0,0.0,0.0,0.047005
train/Train_NonFight/wKMXI2vp_0.avi,NonFight,wKMXI2vp,150,0,6.693333333333333,7.0,9.0,0.31816461919751715,0.3119760391125797,0.010753206383404742,222.84859441038554,225.04144944090007,303.97709095121667,13.599653379549393,84.0,2.195329525139745,29.74201032493405,1.0411428683333375,26.442048283386395,0.9733333333333334,0.11333333333333333,0.006666666666666667,0.19333333333333333,0.015606
train/Train_NonFight/wMgaVgMG_0.avi,NonFight,wMgaVgMG,150,150,0.0,0.0,0.0,,,,,,,75.5,150.0,,,,,0.0,0.0,0.0,0.0,0.109397
train/Train_NonFight/xR1o8M5o_0.avi,NonFight,xR1o8M5o,150,150,0.0,0.0,0.0,,,,,,,62.938039215686274,150.0,,,,,0.0,0.0,0.0,0.0,9.4e-05
train/Train_NonFight/y4njAG00_0.avi,NonFight,y4njAG00,150,150,0.0,0.0,0.0,,,,,,,23.325688073394495,96.0,,,,,0.0,0.0,0.0,0.0,0.247291
train/Train_NonFight/zHRkgmIT_0.avi,NonFight,zHRkgmIT,150,11,1.3333333333333333,1.0,4.0,0.5846716706367915,0.7136789071677334,0.02186611636999355,60.60308117395617,51.17641095468002,136.38395898802764,47.746594005449595,150.0,2.1894683242057518,13.837791429096754,0.9671011058179618,10.629058979718398,0.68,0.04666666666666667,0.006666666666666667,0.0,0.00046
